,metric,total_acc,accuracies,std_dev,confidenceInt,precisions,recalls,average_precision,average_recall
"3NN(3,15)_TiO2_KNN",,"tensor(0.5933, dtype=torch.float64)","[0.6666666666666666, 0.5, 0.5, 0.3333333333333333, 0.8666666666666667, 0.4, 0.7, 0.3333333333333333, 0.5666666666666667, 0.6666666666666666, 0.6333333333333333, 0.5, 0.7, 0.7333333333333333, 0.8333333333333334, 0.6333333333333333, 0.6666666666666666, 0.7333333333333333, 0.6666666666666666, 0.5333333333333333, 0.5666666666666667, 0.6666666666666666, 0.5333333333333333, 0.5, 0.7333333333333333, 0.5, 0.7666666666666667, 0.7, 0.7666666666666667, 0.4, 0.36666666666666664, 0.43333333333333335, 0.7333333333333333, 0.4, 0.7666666666666667, 0.6, 0.7333333333333333, 0.6, 0.6333333333333333, 0.7333333333333333, 0.7, 0.7333333333333333, 0.6333333333333333, 0.7666666666666667, 0.8666666666666667, 0.6, 0.5, 0.5, 0.4666666666666667, 0.3333333333333333, 0.5666666666666667, 0.6333333333333333, 0.5, 0.7333333333333333, 0.3, 0.7, 0.8, 0.5666666666666667, 0.5, 0.5333333333333333, 0.5666666666666667, 0.6, 0.6, 0.6666666666666666, 0.36666666666666664, 0.6, 0.3, 0.4666666666666667, 0.36666666666666664, 0.6333333333333333, 0.8333333333333334, 0.6666666666666666, 0.6666666666666666, 0.5333333333333333, 0.4666666666666667, 0.6333333333333333, 0.6666666666666666, 0.7333333333333333, 0.5666666666666667, 0.5333333333333333, 0.43333333333333335, 0.16666666666666666, 0.43333333333333335, 0.7666666666666667, 0.4666666666666667, 0.5333333333333333, 0.6, 0.7666666666666667, 0.7, 0.7, 0.6, 0.5333333333333333, 0.6666666666666666, 0.6666666666666666, 0.8, 0.7, 0.16666666666666666, 0.6333333333333333, 0.5, 0.8]","tensor(0.1482, dtype=torch.float64)",tensor([0.0291]),"{0: 0.5715746421267893, 1: 0.6340996168582376}","{0: 0.7453333333333333, 1: 0.44133333333333336}",0.6028371294925134,0.5933333333333333
"1NN(3,15)_TiO2_KNN",,"tensor(0.7173, dtype=torch.float64)","[0.7666666666666667, 0.5666666666666667, 0.7666666666666667, 0.7666666666666667, 0.8666666666666667, 0.6333333333333333, 0.7, 0.36666666666666664, 0.6, 0.7, 0.7666666666666667, 0.5333333333333333, 0.8, 0.8333333333333334, 0.5, 0.6666666666666666, 0.9666666666666667, 0.7666666666666667, 0.8, 0.8333333333333334, 0.8, 0.7666666666666667, 0.7666666666666667, 0.7, 0.7333333333333333, 0.7666666666666667, 0.6666666666666666, 0.7, 0.7666666666666667, 0.5333333333333333, 0.5666666666666667, 0.8, 0.9333333333333333, 0.4, 0.7333333333333333, 0.7, 0.6666666666666666, 0.9, 0.8, 0.9333333333333333, 0.9666666666666667, 0.7666666666666667, 0.5666666666666667, 0.7666666666666667, 0.8333333333333334, 0.5666666666666667, 0.8333333333333334, 0.5666666666666667, 0.36666666666666664, 0.5, 0.9666666666666667, 0.7666666666666667, 0.6, 0.6333333333333333, 0.4, 0.8, 0.9333333333333333, 0.6666666666666666, 0.8333333333333334, 0.8, 0.7, 0.9333333333333333, 0.8, 0.7666666666666667, 0.6333333333333333, 0.7, 0.7333333333333333, 0.7, 0.7333333333333333, 0.9, 0.8, 0.7, 0.8, 0.6333333333333333, 0.5, 0.7666666666666667, 0.6666666666666666, 0.7333333333333333, 0.6666666666666666, 0.7, 0.43333333333333335, 0.5666666666666667, 0.7, 0.7666666666666667, 0.7666666666666667, 0.6333333333333333, 0.6333333333333333, 0.8333333333333334, 0.9, 0.6666666666666666, 0.7666666666666667, 0.5666666666666667, 0.8666666666666667, 0.7666666666666667, 0.6666666666666666, 0.6666666666666666, 0.6666666666666666, 0.8, 0.7333333333333333, 0.8]","tensor(0.1319, dtype=torch.float64)",tensor([0.0258]),"{0: 0.7122395833333334, 1: 0.7226775956284153}","{0: 0.7293333333333333, 1: 0.7053333333333334}",0.7174585894808743,0.7173333333333334
"1NN(1,15)_TiO2_KNN",,"tensor(0.5747, dtype=torch.float64)","[0.7, 0.7666666666666667, 0.5, 0.8, 0.3, 0.5666666666666667, 0.6, 0.6666666666666666, 0.5, 0.5, 0.3333333333333333, 0.5333333333333333, 0.43333333333333335, 0.26666666666666666, 0.6, 0.5666666666666667, 0.4, 0.6666666666666666, 0.5333333333333333, 0.5333333333333333, 0.6, 0.6333333333333333, 0.4666666666666667, 0.6333333333333333, 0.8, 0.7333333333333333, 0.26666666666666666, 0.5666666666666667, 0.8, 0.5666666666666667, 0.4, 0.6, 0.7, 0.6333333333333333, 0.8, 0.5333333333333333, 0.7666666666666667, 0.5666666666666667, 0.5, 0.5666666666666667, 0.3, 0.7333333333333333, 0.7, 0.3333333333333333, 0.8333333333333334, 0.5666666666666667, 0.5333333333333333, 0.3333333333333333, 0.5333333333333333, 0.3333333333333333, 0.5666666666666667, 0.7666666666666667, 0.4, 0.7666666666666667, 0.5666666666666667, 0.5, 0.5333333333333333, 0.7, 0.8, 0.43333333333333335, 0.4666666666666667, 0.43333333333333335, 0.6666666666666666, 0.8, 0.4666666666666667, 0.6333333333333333, 0.6333333333333333, 0.7666666666666667, 0.4, 0.5333333333333333, 0.8, 0.6, 0.6, 0.4, 0.4, 0.6, 0.6333333333333333, 0.7666666666666667, 0.6, 0.4666666666666667, 0.4666666666666667, 0.43333333333333335, 0.7333333333333333, 0.5666666666666667, 0.4, 0.7, 0.7, 0.3, 0.5666666666666667, 0.5666666666666667, 0.7666666666666667, 0.7, 0.4666666666666667, 0.4666666666666667, 0.5333333333333333, 0.6666666666666666, 0.43333333333333335, 0.7666666666666667, 0.6333333333333333, 0.8]","tensor(0.1458, dtype=torch.float64)",tensor([0.0286]),"{0: 0.5634920634920635, 1: 0.5906148867313916}","{0: 0.6626666666666666, 1: 0.4866666666666667}",0.5770534751117276,0.5746666666666667
"3NN(3,15)_Si(001)_KNN",,"tensor(0.8255, dtype=torch.float64)","[0.8, 0.85, 0.75, 0.9166666666666666, 0.9333333333333333, 0.9166666666666666, 0.7333333333333333, 0.7833333333333333, 0.7666666666666667, 0.7333333333333333, 0.9333333333333333, 0.7833333333333333, 0.7166666666666667, 0.8166666666666667, 0.8833333333333333, 0.8833333333333333, 0.8833333333333333, 0.8166666666666667, 0.9, 0.9, 0.75, 0.95, 0.8333333333333334, 0.8666666666666667, 0.6666666666666666, 0.85, 0.95, 0.8666666666666667, 0.7333333333333333, 0.8833333333333333, 0.8333333333333334, 0.8833333333333333, 0.7, 0.8666666666666667, 0.9, 0.7833333333333333, 0.8833333333333333, 0.9, 0.8, 0.7833333333333333, 0.6666666666666666, 0.7, 0.8166666666666667, 0.8666666666666667, 0.7833333333333333, 0.8166666666666667, 0.8, 0.9166666666666666, 0.8333333333333334, 0.8666666666666667, 0.8333333333333334, 0.8, 0.8166666666666667, 0.65, 0.95, 0.7166666666666667, 0.9, 0.8833333333333333, 0.7, 0.95, 1.0, 0.8, 0.95, 0.8166666666666667, 0.75, 0.9, 0.8833333333333333, 0.8666666666666667, 0.85, 0.8333333333333334, 0.6666666666666666, 0.9, 0.75, 0.8333333333333334, 0.9, 0.7666666666666667, 0.8666666666666667, 0.8833333333333333, 0.9666666666666667, 0.85, 0.8166666666666667, 0.7833333333333333, 0.55, 0.7666666666666667, 0.85, 0.95, 0.7833333333333333, 0.75, 0.9333333333333333, 0.8166666666666667, 0.7, 0.7166666666666667, 0.85, 0.7333333333333333, 0.8666666666666667, 0.8166666666666667, 0.7833333333333333, 0.8166666666666667, 0.8333333333333334, 0.75]","tensor(0.0825, dtype=torch.float64)",tensor([0.0162]),"{0: 0.6799086757990868, 1: 0.9911575562700965, 2: 0.9107321965897693, 3: 0.8432122370936902}","{0: 0.9926666666666667, 1: 0.822, 2: 0.6053333333333333, 3: 0.882}",0.8562526664381607,0.8255
"1NN(3,15)_Si(001)_KNN",,"tensor(0.9045, dtype=torch.float64)","[0.9, 0.8833333333333333, 0.8833333333333333, 0.9333333333333333, 0.9, 0.9333333333333333, 0.8, 0.8833333333333333, 0.9166666666666666, 0.8166666666666667, 0.95, 0.9333333333333333, 0.9166666666666666, 0.8333333333333334, 0.9333333333333333, 0.8666666666666667, 0.8666666666666667, 0.8666666666666667, 0.9666666666666667, 0.9, 0.9166666666666666, 0.8833333333333333, 0.8666666666666667, 0.9, 0.7666666666666667, 0.9833333333333333, 0.95, 0.9333333333333333, 0.8666666666666667, 0.95, 0.9833333333333333, 0.9166666666666666, 0.8333333333333334, 0.9333333333333333, 0.9166666666666666, 0.9333333333333333, 0.95, 0.95, 0.9333333333333333, 0.95, 0.8333333333333334, 0.9, 0.9166666666666666, 0.8666666666666667, 0.8666666666666667, 0.95, 0.85, 0.9333333333333333, 0.8833333333333333, 0.8333333333333334, 0.9166666666666666, 0.9333333333333333, 0.85, 0.9166666666666666, 0.95, 0.8333333333333334, 0.95, 0.8833333333333333, 0.8833333333333333, 0.9666666666666667, 0.9666666666666667, 0.8666666666666667, 0.9833333333333333, 0.9, 0.8833333333333333, 0.9333333333333333, 0.9, 0.8833333333333333, 0.9166666666666666, 0.9, 0.9, 0.9333333333333333, 0.8833333333333333, 0.95, 0.9, 0.95, 0.8833333333333333, 0.9666666666666667, 1.0, 0.9166666666666666, 0.8666666666666667, 0.85, 0.8666666666666667, 0.8333333333333334, 0.8666666666666667, 0.9666666666666667, 0.85, 0.8666666666666667, 0.9666666666666667, 0.8833333333333333, 0.8833333333333333, 0.8666666666666667, 0.95, 0.8833333333333333, 0.9, 0.9, 0.9833333333333333, 0.9166666666666666, 0.9333333333333333, 0.8833333333333333]","tensor(0.0449, dtype=torch.float64)",tensor([0.0088]),"{0: 0.7969083155650319, 1: 0.9821810406272273, 2: 0.9558701082431307, 3: 0.925}","{0: 0.9966666666666667, 1: 0.9186666666666666, 2: 0.7653333333333333, 3: 0.9373333333333334}",0.9149898661088474,0.9045000000000001
"1NN(1,15)_Si(001)_KNN",,"tensor(0.7642, dtype=torch.float64)","[0.8666666666666667, 0.8666666666666667, 0.65, 0.8166666666666667, 0.8, 0.8833333333333333, 0.8333333333333334, 0.7, 0.7333333333333333, 0.6, 0.9333333333333333, 0.8666666666666667, 0.6833333333333333, 0.6, 0.9166666666666666, 0.7166666666666667, 0.8166666666666667, 0.75, 0.7833333333333333, 0.75, 0.7166666666666667, 0.75, 0.6833333333333333, 0.7833333333333333, 0.5333333333333333, 0.7333333333333333, 0.7166666666666667, 0.7333333333333333, 0.8166666666666667, 0.85, 0.8666666666666667, 0.9, 0.7, 0.8166666666666667, 0.8333333333333334, 0.9, 0.6666666666666666, 0.7833333333333333, 0.7, 0.8, 0.7166666666666667, 0.85, 0.7666666666666667, 0.85, 0.85, 0.6666666666666666, 0.8333333333333334, 0.8333333333333334, 0.8333333333333334, 0.9166666666666666, 0.8666666666666667, 0.7, 0.8833333333333333, 0.6833333333333333, 0.8666666666666667, 0.9, 0.6666666666666666, 0.7666666666666667, 0.7666666666666667, 0.7333333333333333, 0.9, 0.6333333333333333, 0.9333333333333333, 0.5333333333333333, 0.6666666666666666, 0.6666666666666666, 0.9333333333333333, 0.6833333333333333, 0.7333333333333333, 0.5666666666666667, 0.5166666666666667, 0.8333333333333334, 0.7166666666666667, 0.8666666666666667, 0.85, 0.7833333333333333, 0.95, 0.6, 0.9166666666666666, 0.6, 0.9, 0.85, 0.6, 0.8, 0.5, 0.7166666666666667, 0.8666666666666667, 0.5833333333333334, 0.8333333333333334, 0.8666666666666667, 0.7, 0.7166666666666667, 0.8333333333333334, 0.7666666666666667, 0.6833333333333333, 0.75, 0.7333333333333333, 0.6333333333333333, 0.6666666666666666, 0.7333333333333333]","tensor(0.1068, dtype=torch.float64)",tensor([0.0209]),"{0: 0.6416107382550336, 1: 0.9829749103942652, 2: 0.7996485061511424, 3: 0.757114493712773}","{0: 0.956, 1: 0.7313333333333333, 2: 0.6066666666666667, 3: 0.7626666666666667}",0.7953371621283035,0.7641666666666665
"3NN(3,15)_Ge(001)_KNN",,"tensor(0.5100, dtype=torch.float64)","[0.43333333333333335, 0.45, 0.5, 0.48333333333333334, 0.45, 0.5166666666666667, 0.7666666666666667, 0.45, 0.38333333333333336, 0.45, 0.45, 0.4666666666666667, 0.5166666666666667, 0.5333333333333333, 0.6666666666666666, 0.6333333333333333, 0.38333333333333336, 0.4, 0.65, 0.5833333333333334, 0.5, 0.48333333333333334, 0.45, 0.48333333333333334, 0.5333333333333333, 0.36666666666666664, 0.4666666666666667, 0.5333333333333333, 0.55, 0.5, 0.43333333333333335, 0.5333333333333333, 0.43333333333333335, 0.48333333333333334, 0.55, 0.6666666666666666, 0.55, 0.5833333333333334, 0.48333333333333334, 0.5333333333333333, 0.4, 0.5, 0.6, 0.4166666666666667, 0.4166666666666667, 0.45, 0.65, 0.5833333333333334, 0.5166666666666667, 0.43333333333333335, 0.5166666666666667, 0.48333333333333334, 0.5, 0.45, 0.5166666666666667, 0.5, 0.5833333333333334, 0.6, 0.5666666666666667, 0.4666666666666667, 0.5, 0.4666666666666667, 0.5666666666666667, 0.4, 0.5166666666666667, 0.5833333333333334, 0.6, 0.5333333333333333, 0.4, 0.43333333333333335, 0.6, 0.5833333333333334, 0.6333333333333333, 0.5333333333333333, 0.55, 0.4166666666666667, 0.31666666666666665, 0.7, 0.6166666666666667, 0.3333333333333333, 0.4666666666666667, 0.5833333333333334, 0.36666666666666664, 0.5166666666666667, 0.36666666666666664, 0.5, 0.55, 0.55, 0.5166666666666667, 0.4666666666666667, 0.6833333333333333, 0.55, 0.55, 0.6166666666666667, 0.38333333333333336, 0.43333333333333335, 0.6, 0.4166666666666667, 0.5666666666666667, 0.6]","tensor(0.0858, dtype=torch.float64)",tensor([0.0168]),"{0: 0.3695501730103806, 1: 0.5606694560669456, 2: 0.4848746758859118, 3: 0.9968253968253968, 4: 0.3643835616438356}","{0: 0.5014084507042254, 1: 0.7816666666666666, 2: 0.4560975609756098, 3: 0.4868217054263566, 4: 0.32839506172839505}",0.555260652686494,0.5108778891002507
"1NN(3,15)_Ge(001)_KNN",,"tensor(0.6640, dtype=torch.float64)","[0.8, 0.5666666666666667, 0.5666666666666667, 0.6666666666666666, 0.6666666666666666, 0.5666666666666667, 0.8, 0.6166666666666667, 0.8333333333333334, 0.6, 0.7833333333333333, 0.65, 0.6166666666666667, 0.7333333333333333, 0.65, 0.6166666666666667, 0.5166666666666667, 0.5833333333333334, 0.6666666666666666, 0.7833333333333333, 0.6333333333333333, 0.5833333333333334, 0.7, 0.65, 0.6333333333333333, 0.5166666666666667, 0.6333333333333333, 0.6666666666666666, 0.65, 0.8, 0.6333333333333333, 0.7166666666666667, 0.65, 0.6666666666666666, 0.8, 0.7166666666666667, 0.65, 0.6166666666666667, 0.7166666666666667, 0.7666666666666667, 0.5833333333333334, 0.6666666666666666, 0.7666666666666667, 0.6166666666666667, 0.65, 0.5833333333333334, 0.6833333333333333, 0.8, 0.7166666666666667, 0.6166666666666667, 0.48333333333333334, 0.6833333333333333, 0.65, 0.65, 0.6, 0.75, 0.8333333333333334, 0.75, 0.5833333333333334, 0.7, 0.75, 0.55, 0.7, 0.5833333333333334, 0.6166666666666667, 0.75, 0.6833333333333333, 0.75, 0.6, 0.7666666666666667, 0.6166666666666667, 0.6333333333333333, 0.6833333333333333, 0.8, 0.7333333333333333, 0.5833333333333334, 0.65, 0.75, 0.7333333333333333, 0.43333333333333335, 0.5666666666666667, 0.6833333333333333, 0.5833333333333334, 0.7833333333333333, 0.5666666666666667, 0.6833333333333333, 0.7166666666666667, 0.6333333333333333, 0.7833333333333333, 0.6666666666666666, 0.75, 0.6666666666666666, 0.5833333333333334, 0.7166666666666667, 0.48333333333333334, 0.6, 0.75, 0.5333333333333333, 0.6166666666666667, 0.6166666666666667]","tensor(0.0839, dtype=torch.float64)",tensor([0.0165]),"{0: 0.48316651501364877, 1: 0.6696658097686375, 2: 0.6739622641509434, 3: 0.9958549222797928, 4: 0.5279620853080569}","{0: 0.49859154929577465, 1: 0.8683333333333333, 2: 0.7260162601626017, 3: 0.7449612403100775, 4: 0.45843621399176954}",0.6701223193042158,0.6592677194187113
"1NN(1,15)_Ge(001)_KNN",,"tensor(0.4912, dtype=torch.float64)","[0.31666666666666665, 0.45, 0.5666666666666667, 0.45, 0.5333333333333333, 0.4, 0.55, 0.4666666666666667, 0.5, 0.4, 0.6, 0.38333333333333336, 0.5833333333333334, 0.6666666666666666, 0.5, 0.55, 0.4666666666666667, 0.4, 0.5166666666666667, 0.5666666666666667, 0.6166666666666667, 0.45, 0.45, 0.48333333333333334, 0.5, 0.36666666666666664, 0.5166666666666667, 0.48333333333333334, 0.4, 0.5833333333333334, 0.5166666666666667, 0.45, 0.55, 0.5, 0.6, 0.48333333333333334, 0.4666666666666667, 0.5666666666666667, 0.43333333333333335, 0.6, 0.5333333333333333, 0.5, 0.5166666666666667, 0.55, 0.4, 0.43333333333333335, 0.45, 0.4666666666666667, 0.45, 0.5333333333333333, 0.55, 0.48333333333333334, 0.45, 0.4166666666666667, 0.4, 0.4, 0.36666666666666664, 0.38333333333333336, 0.4666666666666667, 0.5, 0.48333333333333334, 0.45, 0.4666666666666667, 0.48333333333333334, 0.5166666666666667, 0.43333333333333335, 0.5666666666666667, 0.5666666666666667, 0.5833333333333334, 0.5833333333333334, 0.5166666666666667, 0.5166666666666667, 0.43333333333333335, 0.5666666666666667, 0.43333333333333335, 0.43333333333333335, 0.4666666666666667, 0.5833333333333334, 0.55, 0.35, 0.5, 0.5666666666666667, 0.35, 0.7, 0.48333333333333334, 0.43333333333333335, 0.65, 0.5166666666666667, 0.36666666666666664, 0.4666666666666667, 0.6, 0.55, 0.43333333333333335, 0.6333333333333333, 0.48333333333333334, 0.4, 0.4166666666666667, 0.5, 0.4666666666666667, 0.48333333333333334]","tensor(0.0756, dtype=torch.float64)",tensor([0.0148]),"{0: 0.34845496383957925, 1: 0.5305744286596664, 2: 0.4916420845624385, 3: 0.9921996879875195, 4: 0.35108153078202997}","{0: 0.49765258215962443, 1: 0.7158333333333333, 2: 0.4065040650406504, 3: 0.4930232558139535, 4: 0.34732510288065843}",0.5427905391662468,0.492067667845644
"SimpleShot(3,15)_TiO2_Resnet18",MulticlassAccuracy(),tensor(0.8517),"[tensor(0.9333, device='cuda:0'), tensor(0.9333, device='cuda:0'), tensor(1., device='cuda:0'), tensor(0.7000, device='cuda:0'), tensor(0.7000, device='cuda:0'), tensor(0.7667, device='cuda:0'), tensor(0.8000, device='cuda:0'), tensor(0.7333, device='cuda:0'), tensor(1., device='cuda:0'), tensor(0.9000, device='cuda:0'), tensor(0.9333, device='cuda:0'), tensor(0.8667, device='cuda:0'), tensor(0.8667, device='cuda:0'), tensor(0.7667, device='cuda:0'), tensor(0.6333, device='cuda:0'), tensor(0.9667, device='cuda:0'), tensor(0.8333, device='cuda:0'), tensor(1., device='cuda:0'), tensor(0.8333, device='cuda:0'), tensor(0.7667, device='cuda:0'), tensor(0.9333, device='cuda:0'), tensor(0.8333, device='cuda:0'), tensor(0.7333, device='cuda:0'), tensor(0.8667, device='cuda:0'), tensor(0.9333, device='cuda:0'), tensor(0.7000, device='cuda:0'), tensor(0.8000, device='cuda:0'), tensor(0.8667, device='cuda:0'), tensor(0.9333, device='cuda:0'), tensor(0.9000, device='cuda:0'), tensor(0.8333, device='cuda:0'), tensor(0.9333, device='cuda:0'), tensor(0.8667, device='cuda:0'), tensor(0.8667, device='cuda:0'), tensor(0.9333, device='cuda:0'), tensor(0.7000, device='cuda:0'), tensor(0.8333, device='cuda:0'), tensor(0.6667, device='cuda:0'), tensor(0.9667, device='cuda:0'), tensor(0.8667, device='cuda:0'), tensor(1., device='cuda:0'), tensor(0.6333, device='cuda:0'), tensor(0.9667, device='cuda:0'), tensor(0.6667, device='cuda:0'), tensor(1., device='cuda:0'), tensor(0.9667, device='cuda:0'), tensor(0.8667, device='cuda:0'), tensor(0.8000, device='cuda:0'), tensor(0.8333, device='cuda:0'), tensor(0.7000, device='cuda:0'), tensor(0.9000, device='cuda:0'), tensor(0.7000, device='cuda:0'), tensor(0.9000, device='cuda:0'), tensor(0.7333, device='cuda:0'), tensor(0.9000, device='cuda:0'), tensor(0.5667, device='cuda:0'), tensor(0.8333, device='cuda:0'), tensor(0.9333, device='cuda:0'), tensor(0.9333, device='cuda:0'), tensor(0.9000, device='cuda:0'), tensor(0.7333, device='cuda:0'), tensor(1., device='cuda:0'), tensor(0.8000, device='cuda:0'), tensor(0.9667, device='cuda:0'), tensor(0.9333, device='cuda:0'), tensor(0.6667, device='cuda:0'), tensor(0.8333, device='cuda:0'), tensor(0.7000, device='cuda:0'), tensor(0.9333, device='cuda:0'), tensor(0.9333, device='cuda:0'), tensor(0.7667, device='cuda:0'), tensor(0.9667, device='cuda:0'), tensor(0.7667, device='cuda:0'), tensor(0.8333, device='cuda:0'), tensor(0.8667, device='cuda:0'), tensor(0.7333, device='cuda:0'), tensor(0.8333, device='cuda:0'), tensor(0.8667, device='cuda:0'), tensor(0.9000, device='cuda:0'), tensor(0.9000, device='cuda:0'), tensor(0.9000, device='cuda:0'), tensor(0.9667, device='cuda:0'), tensor(0.9000, device='cuda:0'), tensor(1., device='cuda:0'), tensor(0.8667, device='cuda:0'), tensor(0.8333, device='cuda:0'), tensor(0.9333, device='cuda:0'), tensor(0.9667, device='cuda:0'), tensor(0.9333, device='cuda:0'), tensor(0.9333, device='cuda:0'), tensor(0.7667, device='cuda:0'), tensor(0.8333, device='cuda:0'), tensor(0.8667, device='cuda:0'), tensor(0.9000, device='cuda:0'), tensor(0.9000, device='cuda:0'), tensor(0.6667, device='cuda:0'), tensor(0.6667, device='cuda:0'), tensor(0.9667, device='cuda:0'), tensor(0.9667, device='cuda:0'), tensor(0.8333, device='cuda:0')]",tensor(0.1035),tensor([0.0203]),"{0: 0.9306122448979591, 1: 0.7971830985915493}","{0: 0.76, 1: 0.9433333333333334}",0.8638976717447542,0.8516666666666667
"SimpleShot(1,15)_TiO2_Resnet18",MulticlassAccuracy(),tensor(0.7590),"[tensor(0.7333, device='cuda:0'), tensor(0.4667, device='cuda:0'), tensor(0.9333, device='cuda:0'), tensor(0.7000, device='cuda:0'), tensor(0.9667, device='cuda:0'), tensor(0.8333, device='cuda:0'), tensor(0.9333, device='cuda:0'), tensor(0.7667, device='cuda:0'), tensor(0.8000, device='cuda:0'), tensor(0.7000, device='cuda:0'), tensor(0.6000, device='cuda:0'), tensor(0.9333, device='cuda:0'), tensor(0.7667, device='cuda:0'), tensor(0.6333, device='cuda:0'), tensor(0.8333, device='cuda:0'), tensor(0.5667, device='cuda:0'), tensor(0.6667, device='cuda:0'), tensor(0.7667, device='cuda:0'), tensor(0.7667, device='cuda:0'), tensor(0.8000, device='cuda:0'), tensor(0.8333, device='cuda:0'), tensor(0.9000, device='cuda:0'), tensor(0.8667, device='cuda:0'), tensor(0.9000, device='cuda:0'), tensor(0.7000, device='cuda:0'), tensor(0.7333, device='cuda:0'), tensor(0.6333, device='cuda:0'), tensor(0.8000, device='cuda:0'), tensor(0.6000, device='cuda:0'), tensor(0.9333, device='cuda:0'), tensor(1., device='cuda:0'), tensor(0.9000, device='cuda:0'), tensor(0.9333, device='cuda:0'), tensor(0.5667, device='cuda:0'), tensor(0.7000, device='cuda:0'), tensor(0.9667, device='cuda:0'), tensor(0.7333, device='cuda:0'), tensor(0.8333, device='cuda:0'), tensor(0.7333, device='cuda:0'), tensor(0.7333, device='cuda:0'), tensor(0.8333, device='cuda:0'), tensor(0.7000, device='cuda:0'), tensor(0.6667, device='cuda:0'), tensor(0.9333, device='cuda:0'), tensor(0.6333, device='cuda:0'), tensor(0.8667, device='cuda:0'), tensor(0.9333, device='cuda:0'), tensor(0.7667, device='cuda:0'), tensor(0.8667, device='cuda:0'), tensor(0.7000, device='cuda:0'), tensor(0.8000, device='cuda:0'), tensor(0.6667, device='cuda:0'), tensor(0.7000, device='cuda:0'), tensor(0.7667, device='cuda:0'), tensor(0.6667, device='cuda:0'), tensor(0.9333, device='cuda:0'), tensor(0.7333, device='cuda:0'), tensor(0.8333, device='cuda:0'), tensor(0.8333, device='cuda:0'), tensor(0.7000, device='cuda:0'), tensor(0.9000, device='cuda:0'), tensor(1., device='cuda:0'), tensor(0.7333, device='cuda:0'), tensor(0.7000, device='cuda:0'), tensor(0.8333, device='cuda:0'), tensor(0.6667, device='cuda:0'), tensor(0.6667, device='cuda:0'), tensor(0.8333, device='cuda:0'), tensor(0.7333, device='cuda:0'), tensor(0.8000, device='cuda:0'), tensor(0.6333, device='cuda:0'), tensor(0.6333, device='cuda:0'), tensor(0.8333, device='cuda:0'), tensor(0.6000, device='cuda:0'), tensor(0.8000, device='cuda:0'), tensor(0.5333, device='cuda:0'), tensor(0.7333, device='cuda:0'), tensor(0.8000, device='cuda:0'), tensor(0.5333, device='cuda:0'), tensor(0.7000, device='cuda:0'), tensor(0.5667, device='cuda:0'), tensor(0.8333, device='cuda:0'), tensor(0.6333, device='cuda:0'), tensor(1., device='cuda:0'), tensor(0.6333, device='cuda:0'), tensor(0.7667, device='cuda:0'), tensor(0.8667, device='cuda:0'), tensor(0.7000, device='cuda:0'), tensor(0.6667, device='cuda:0'), tensor(0.9000, device='cuda:0'), tensor(0.8333, device='cuda:0'), tensor(0.6000, device='cuda:0'), tensor(0.6333, device='cuda:0'), tensor(0.5667, device='cuda:0'), tensor(0.6667, device='cuda:0'), tensor(0.9000, device='cuda:0'), tensor(0.8333, device='cuda:0'), tensor(0.6667, device='cuda:0'), tensor(0.5333, device='cuda:0'), tensor(0.7333, device='cuda:0')]",tensor(0.1226),tensor([0.0240]),"{0: 0.9059561128526645, 1: 0.6901615271659325}","{0: 0.578, 1: 0.94}",0.7980588200092985,0.7589999999999999
"SimpleShot(3,15)_Ge(001)_Resnet18",MulticlassAccuracy(),tensor(0.5492),"[tensor(0.6167, device='cuda:0'), tensor(0.6667, device='cuda:0'), tensor(0.5833, device='cuda:0'), tensor(0.4667, device='cuda:0'), tensor(0.5167, device='cuda:0'), tensor(0.5000, device='cuda:0'), tensor(0.6833, device='cuda:0'), tensor(0.5333, device='cuda:0'), tensor(0.6833, device='cuda:0'), tensor(0.5333, device='cuda:0'), tensor(0.6667, device='cuda:0'), tensor(0.5167, device='cuda:0'), tensor(0.5167, device='cuda:0'), tensor(0.5167, device='cuda:0'), tensor(0.5833, device='cuda:0'), tensor(0.5167, device='cuda:0'), tensor(0.3667, device='cuda:0'), tensor(0.4167, device='cuda:0'), tensor(0.5167, device='cuda:0'), tensor(0.6167, device='cuda:0'), tensor(0.5333, device='cuda:0'), tensor(0.4833, device='cuda:0'), tensor(0.5333, device='cuda:0'), tensor(0.5167, device='cuda:0'), tensor(0.4833, device='cuda:0'), tensor(0.4333, device='cuda:0'), tensor(0.5833, device='cuda:0'), tensor(0.4167, device='cuda:0'), tensor(0.5333, device='cuda:0'), tensor(0.5000, device='cuda:0'), tensor(0.5000, device='cuda:0'), tensor(0.7667, device='cuda:0'), tensor(0.5667, device='cuda:0'), tensor(0.4500, device='cuda:0'), tensor(0.6167, device='cuda:0'), tensor(0.4667, device='cuda:0'), tensor(0.4167, device='cuda:0'), tensor(0.4500, device='cuda:0'), tensor(0.5833, device='cuda:0'), tensor(0.5833, device='cuda:0'), tensor(0.6667, device='cuda:0'), tensor(0.5667, device='cuda:0'), tensor(0.5667, device='cuda:0'), tensor(0.4000, device='cuda:0'), tensor(0.5833, device='cuda:0'), tensor(0.4167, device='cuda:0'), tensor(0.5000, device='cuda:0'), tensor(0.5167, device='cuda:0'), tensor(0.5167, device='cuda:0'), tensor(0.4167, device='cuda:0'), tensor(0.5667, device='cuda:0'), tensor(0.7500, device='cuda:0'), tensor(0.4833, device='cuda:0'), tensor(0.4167, device='cuda:0'), tensor(0.3667, device='cuda:0'), tensor(0.6667, device='cuda:0'), tensor(0.6333, device='cuda:0'), tensor(0.6167, device='cuda:0'), tensor(0.6667, device='cuda:0'), tensor(0.5333, device='cuda:0'), tensor(0.6333, device='cuda:0'), tensor(0.5333, device='cuda:0'), tensor(0.5667, device='cuda:0'), tensor(0.4500, device='cuda:0'), tensor(0.6000, device='cuda:0'), tensor(0.5333, device='cuda:0'), tensor(0.6500, device='cuda:0'), tensor(0.6500, device='cuda:0'), tensor(0.4167, device='cuda:0'), tensor(0.5333, device='cuda:0'), tensor(0.5667, device='cuda:0'), tensor(0.6167, device='cuda:0'), tensor(0.5167, device='cuda:0'), tensor(0.7000, device='cuda:0'), tensor(0.5667, device='cuda:0'), tensor(0.5833, device='cuda:0'), tensor(0.4167, device='cuda:0'), tensor(0.6167, device='cuda:0'), tensor(0.6000, device='cuda:0'), tensor(0.6000, device='cuda:0'), tensor(0.4667, device='cuda:0'), tensor(0.4167, device='cuda:0'), tensor(0.4500, device='cuda:0'), tensor(0.6333, device='cuda:0'), tensor(0.4500, device='cuda:0'), tensor(0.7333, device='cuda:0'), tensor(0.6500, device='cuda:0'), tensor(0.6833, device='cuda:0'), tensor(0.4500, device='cuda:0'), tensor(0.6167, device='cuda:0'), tensor(0.6667, device='cuda:0'), tensor(0.6333, device='cuda:0'), tensor(0.5667, device='cuda:0'), tensor(0.5500, device='cuda:0'), tensor(0.4667, device='cuda:0'), tensor(0.5333, device='cuda:0'), tensor(0.5167, device='cuda:0'), tensor(0.6500, device='cuda:0'), tensor(0.5833, device='cuda:0'), tensor(0.5667, device='cuda:0')]",tensor(0.0891),tensor([0.0175]),"{0: 0.441351888667992, 1: 0.4509063444108761, 2: 0.5711662075298439, 3: 0.7672479150871873, 4: 0.49128367670364503}","{0: 0.4169014084507042, 1: 0.4975, 2: 0.5056910569105691, 3: 0.7844961240310078, 4: 0.5102880658436214}",0.5443912064799088,0.5429753310471804
"SimpleShot(1,15)_Ge(001)_Resnet18",MulticlassAccuracy(),tensor(0.4582),"[tensor(0.4667, device='cuda:0'), tensor(0.3667, device='cuda:0'), tensor(0.5500, device='cuda:0'), tensor(0.4500, device='cuda:0'), tensor(0.3333, device='cuda:0'), tensor(0.3167, device='cuda:0'), tensor(0.6000, device='cuda:0'), tensor(0.5000, device='cuda:0'), tensor(0.5500, device='cuda:0'), tensor(0.3167, device='cuda:0'), tensor(0.5167, device='cuda:0'), tensor(0.5500, device='cuda:0'), tensor(0.3500, device='cuda:0'), tensor(0.4167, device='cuda:0'), tensor(0.4500, device='cuda:0'), tensor(0.4667, device='cuda:0'), tensor(0.2333, device='cuda:0'), tensor(0.2833, device='cuda:0'), tensor(0.6667, device='cuda:0'), tensor(0.5000, device='cuda:0'), tensor(0.2833, device='cuda:0'), tensor(0.3833, device='cuda:0'), tensor(0.5333, device='cuda:0'), tensor(0.6000, device='cuda:0'), tensor(0.4667, device='cuda:0'), tensor(0.5833, device='cuda:0'), tensor(0.3833, device='cuda:0'), tensor(0.4000, device='cuda:0'), tensor(0.3167, device='cuda:0'), tensor(0.3000, device='cuda:0'), tensor(0.5000, device='cuda:0'), tensor(0.5833, device='cuda:0'), tensor(0.5833, device='cuda:0'), tensor(0.4667, device='cuda:0'), tensor(0.3167, device='cuda:0'), tensor(0.5667, device='cuda:0'), tensor(0.4833, device='cuda:0'), tensor(0.3333, device='cuda:0'), tensor(0.4667, device='cuda:0'), tensor(0.6333, device='cuda:0'), tensor(0.4000, device='cuda:0'), tensor(0.5000, device='cuda:0'), tensor(0.5333, device='cuda:0'), tensor(0.4833, device='cuda:0'), tensor(0.4167, device='cuda:0'), tensor(0.4167, device='cuda:0'), tensor(0.4333, device='cuda:0'), tensor(0.4833, device='cuda:0'), tensor(0.3000, device='cuda:0'), tensor(0.5500, device='cuda:0'), tensor(0.5667, device='cuda:0'), tensor(0.6167, device='cuda:0'), tensor(0.4833, device='cuda:0'), tensor(0.3500, device='cuda:0'), tensor(0.4333, device='cuda:0'), tensor(0.2833, device='cuda:0'), tensor(0.5500, device='cuda:0'), tensor(0.4833, device='cuda:0'), tensor(0.4167, device='cuda:0'), tensor(0.5333, device='cuda:0'), tensor(0.4500, device='cuda:0'), tensor(0.5167, device='cuda:0'), tensor(0.5833, device='cuda:0'), tensor(0.3167, device='cuda:0'), tensor(0.5000, device='cuda:0'), tensor(0.5333, device='cuda:0'), tensor(0.3333, device='cuda:0'), tensor(0.5333, device='cuda:0'), tensor(0.4000, device='cuda:0'), tensor(0.5000, device='cuda:0'), tensor(0.4833, device='cuda:0'), tensor(0.5833, device='cuda:0'), tensor(0.5667, device='cuda:0'), tensor(0.3500, device='cuda:0'), tensor(0.5333, device='cuda:0'), tensor(0.5833, device='cuda:0'), tensor(0.4500, device='cuda:0'), tensor(0.3667, device='cuda:0'), tensor(0.5000, device='cuda:0'), tensor(0.4500, device='cuda:0'), tensor(0.3167, device='cuda:0'), tensor(0.5000, device='cuda:0'), tensor(0.2833, device='cuda:0'), tensor(0.3833, device='cuda:0'), tensor(0.4500, device='cuda:0'), tensor(0.3000, device='cuda:0'), tensor(0.5167, device='cuda:0'), tensor(0.4833, device='cuda:0'), tensor(0.4000, device='cuda:0'), tensor(0.4833, device='cuda:0'), tensor(0.5333, device='cuda:0'), tensor(0.4500, device='cuda:0'), tensor(0.3500, device='cuda:0'), tensor(0.4000, device='cuda:0'), tensor(0.4833, device='cuda:0'), tensor(0.4833, device='cuda:0'), tensor(0.4000, device='cuda:0'), tensor(0.6667, device='cuda:0'), tensor(0.5167, device='cuda:0'), tensor(0.5833, device='cuda:0')]",tensor(0.0989),tensor([0.0194]),"{0: 0.36752136752136755, 1: 0.39617292700212614, 2: 0.4608879492600423, 3: 0.669374492282697, 4: 0.3970189701897019}","{0: 0.32300469483568073, 1: 0.4658333333333333, 2: 0.3544715447154472, 3: 0.6387596899224807, 4: 0.4823045267489712}",0.45819514125118693,0.4528747579111826
"SimpleShot(3,15)_Si(001)_Resnet18",MulticlassAccuracy(),tensor(0.8770),"[tensor(0.8833, device='cuda:0'), tensor(0.8333, device='cuda:0'), tensor(0.8833, device='cuda:0'), tensor(0.9000, device='cuda:0'), tensor(0.9000, device='cuda:0'), tensor(0.8667, device='cuda:0'), tensor(0.9000, device='cuda:0'), tensor(0.9167, device='cuda:0'), tensor(0.8667, device='cuda:0'), tensor(0.8500, device='cuda:0'), tensor(0.8833, device='cuda:0'), tensor(0.8500, device='cuda:0'), tensor(0.8667, device='cuda:0'), tensor(0.8500, device='cuda:0'), tensor(0.8500, device='cuda:0'), tensor(0.9167, device='cuda:0'), tensor(0.9500, device='cuda:0'), tensor(0.9167, device='cuda:0'), tensor(0.8500, device='cuda:0'), tensor(0.9167, device='cuda:0'), tensor(0.8667, device='cuda:0'), tensor(0.8833, device='cuda:0'), tensor(0.8833, device='cuda:0'), tensor(0.9167, device='cuda:0'), tensor(0.9167, device='cuda:0'), tensor(0.8833, device='cuda:0'), tensor(0.8667, device='cuda:0'), tensor(0.9167, device='cuda:0'), tensor(0.8500, device='cuda:0'), tensor(0.8167, device='cuda:0'), tensor(0.8167, device='cuda:0'), tensor(0.8667, device='cuda:0'), tensor(0.9167, device='cuda:0'), tensor(0.8500, device='cuda:0'), tensor(0.9000, device='cuda:0'), tensor(0.8333, device='cuda:0'), tensor(0.9000, device='cuda:0'), tensor(0.9500, device='cuda:0'), tensor(0.9167, device='cuda:0'), tensor(0.9000, device='cuda:0'), tensor(0.8500, device='cuda:0'), tensor(0.8500, device='cuda:0'), tensor(0.8500, device='cuda:0'), tensor(0.9167, device='cuda:0'), tensor(0.8333, device='cuda:0'), tensor(0.8500, device='cuda:0'), tensor(0.8833, device='cuda:0'), tensor(0.8833, device='cuda:0'), tensor(0.9500, device='cuda:0'), tensor(0.8667, device='cuda:0'), tensor(0.9000, device='cuda:0'), tensor(0.8500, device='cuda:0'), tensor(0.9500, device='cuda:0'), tensor(0.8833, device='cuda:0'), tensor(0.8500, device='cuda:0'), tensor(0.8333, device='cuda:0'), tensor(0.9000, device='cuda:0'), tensor(0.8667, device='cuda:0'), tensor(0.9333, device='cuda:0'), tensor(0.9167, device='cuda:0'), tensor(0.8833, device='cuda:0'), tensor(0.9000, device='cuda:0'), tensor(0.9000, device='cuda:0'), tensor(0.8333, device='cuda:0'), tensor(0.8167, device='cuda:0'), tensor(0.9167, device='cuda:0'), tensor(0.9167, device='cuda:0'), tensor(0.8333, device='cuda:0'), tensor(0.8167, device='cuda:0'), tensor(0.7667, device='cuda:0'), tensor(0.9167, device='cuda:0'), tensor(0.8333, device='cuda:0'), tensor(0.8500, device='cuda:0'), tensor(0.9167, device='cuda:0'), tensor(0.8000, device='cuda:0'), tensor(0.9333, device='cuda:0'), tensor(0.8500, device='cuda:0'), tensor(0.9500, device='cuda:0'), tensor(0.9333, device='cuda:0'), tensor(0.8667, device='cuda:0'), tensor(0.8833, device='cuda:0'), tensor(0.8667, device='cuda:0'), tensor(0.8667, device='cuda:0'), tensor(0.9000, device='cuda:0'), tensor(0.9333, device='cuda:0'), tensor(0.8500, device='cuda:0'), tensor(0.8000, device='cuda:0'), tensor(0.9167, device='cuda:0'), tensor(0.9000, device='cuda:0'), tensor(0.9333, device='cuda:0'), tensor(0.8833, device='cuda:0'), tensor(0.7500, device='cuda:0'), tensor(0.8667, device='cuda:0'), tensor(0.7833, device='cuda:0'), tensor(0.8500, device='cuda:0'), tensor(0.8667, device='cuda:0'), tensor(0.8333, device='cuda:0'), tensor(0.8667, device='cuda:0'), tensor(0.9167, device='cuda:0'), tensor(0.8833, device='cuda:0')]",tensor(0.0413),tensor([0.0081]),"{0: 0.9315746084089035, 1: 0.8837902264600715, 2: 0.8233106013639182, 3: 0.8830213903743316}","{0: 0.7533333333333333, 1: 0.9886666666666667, 2: 0.8853333333333333, 3: 0.8806666666666667}",0.8804242066518062,0.877
"SimpleShot(1,15)_Si(001)_Resnet18",MulticlassAccuracy(),tensor(0.7777),"[tensor(0.8333, device='cuda:0'), tensor(0.8500, device='cuda:0'), tensor(0.8333, device='cuda:0'), tensor(0.8167, device='cuda:0'), tensor(0.7333, device='cuda:0'), tensor(0.8333, device='cuda:0'), tensor(0.8167, device='cuda:0'), tensor(0.7667, device='cuda:0'), tensor(0.7833, device='cuda:0'), tensor(0.8167, device='cuda:0'), tensor(0.8333, device='cuda:0'), tensor(0.8833, device='cuda:0'), tensor(0.9167, device='cuda:0'), tensor(0.8833, device='cuda:0'), tensor(0.8667, device='cuda:0'), tensor(0.6000, device='cuda:0'), tensor(0.8500, device='cuda:0'), tensor(0.5833, device='cuda:0'), tensor(0.8167, device='cuda:0'), tensor(0.9000, device='cuda:0'), tensor(0.7000, device='cuda:0'), tensor(0.7000, device='cuda:0'), tensor(0.7833, device='cuda:0'), tensor(0.7667, device='cuda:0'), tensor(0.7333, device='cuda:0'), tensor(0.7833, device='cuda:0'), tensor(0.6500, device='cuda:0'), tensor(0.8333, device='cuda:0'), tensor(0.7167, device='cuda:0'), tensor(0.7667, device='cuda:0'), tensor(0.7833, device='cuda:0'), tensor(0.7833, device='cuda:0'), tensor(0.7833, device='cuda:0'), tensor(0.7667, device='cuda:0'), tensor(0.8833, device='cuda:0'), tensor(0.6667, device='cuda:0'), tensor(0.5667, device='cuda:0'), tensor(0.6000, device='cuda:0'), tensor(0.7833, device='cuda:0'), tensor(0.7833, device='cuda:0'), tensor(0.5667, device='cuda:0'), tensor(0.7500, device='cuda:0'), tensor(0.7667, device='cuda:0'), tensor(0.7333, device='cuda:0'), tensor(0.7500, device='cuda:0'), tensor(0.7167, device='cuda:0'), tensor(0.7833, device='cuda:0'), tensor(0.7667, device='cuda:0'), tensor(0.9000, device='cuda:0'), tensor(0.7667, device='cuda:0'), tensor(0.8333, device='cuda:0'), tensor(0.8000, device='cuda:0'), tensor(0.8667, device='cuda:0'), tensor(0.8500, device='cuda:0'), tensor(0.7833, device='cuda:0'), tensor(0.7833, device='cuda:0'), tensor(0.7667, device='cuda:0'), tensor(0.8333, device='cuda:0'), tensor(0.8167, device='cuda:0'), tensor(0.6000, device='cuda:0'), tensor(0.8500, device='cuda:0'), tensor(0.8167, device='cuda:0'), tensor(0.9000, device='cuda:0'), tensor(0.6667, device='cuda:0'), tensor(0.6833, device='cuda:0'), tensor(0.7667, device='cuda:0'), tensor(0.7167, device='cuda:0'), tensor(0.7833, device='cuda:0'), tensor(0.7333, device='cuda:0'), tensor(0.7500, device='cuda:0'), tensor(0.8500, device='cuda:0'), tensor(0.7000, device='cuda:0'), tensor(0.8500, device='cuda:0'), tensor(0.6833, device='cuda:0'), tensor(0.8167, device='cuda:0'), tensor(0.7167, device='cuda:0'), tensor(0.8333, device='cuda:0'), tensor(0.9000, device='cuda:0'), tensor(0.8167, device='cuda:0'), tensor(0.6500, device='cuda:0'), tensor(0.8667, device='cuda:0'), tensor(0.8000, device='cuda:0'), tensor(0.8167, device='cuda:0'), tensor(0.8333, device='cuda:0'), tensor(0.7667, device='cuda:0'), tensor(0.7667, device='cuda:0'), tensor(0.7500, device='cuda:0'), tensor(0.7833, device='cuda:0'), tensor(0.7333, device='cuda:0'), tensor(0.8833, device='cuda:0'), tensor(0.6833, device='cuda:0'), tensor(0.8000, device='cuda:0'), tensor(0.8000, device='cuda:0'), tensor(0.8000, device='cuda:0'), tensor(0.5833, device='cuda:0'), tensor(0.8500, device='cuda:0'), tensor(0.8000, device='cuda:0'), tensor(0.8000, device='cuda:0'), tensor(0.8667, device='cuda:0'), tensor(0.8167, device='cuda:0')]",tensor(0.0797),tensor([0.0156]),"{0: 0.920995670995671, 1: 0.8043968432919955, 2: 0.7333333333333333, 3: 0.7147613762486127}","{0: 0.5673333333333334, 1: 0.9513333333333334, 2: 0.7333333333333333, 3: 0.8586666666666667}",0.7933718059674031,0.7776666666666667
"SimpleShot(3,15)_TiO2_40pix_inv",MulticlassAccuracy(),tensor(0.7500),"[tensor(0.9333, device='cuda:0'), tensor(0.7000, device='cuda:0'), tensor(0.8667, device='cuda:0'), tensor(0.6333, device='cuda:0'), tensor(0.8667, device='cuda:0'), tensor(0.6667, device='cuda:0'), tensor(0.7000, device='cuda:0'), tensor(0.7000, device='cuda:0'), tensor(0.6667, device='cuda:0'), tensor(0.6000, device='cuda:0'), tensor(0.8667, device='cuda:0'), tensor(0.6333, device='cuda:0'), tensor(0.7333, device='cuda:0'), tensor(0.7333, device='cuda:0'), tensor(0.3667, device='cuda:0'), tensor(0.5667, device='cuda:0'), tensor(0.7667, device='cuda:0'), tensor(0.6333, device='cuda:0'), tensor(0.9000, device='cuda:0'), tensor(0.7000, device='cuda:0'), tensor(0.9333, device='cuda:0'), tensor(0.8667, device='cuda:0'), tensor(0.8333, device='cuda:0'), tensor(0.9000, device='cuda:0'), tensor(0.5667, device='cuda:0'), tensor(0.9333, device='cuda:0'), tensor(1., device='cuda:0'), tensor(0.6000, device='cuda:0'), tensor(0.7333, device='cuda:0'), tensor(0.7667, device='cuda:0'), tensor(0.5333, device='cuda:0'), tensor(0.7000, device='cuda:0'), tensor(0.9000, device='cuda:0'), tensor(0.6667, device='cuda:0'), tensor(0.8000, device='cuda:0'), tensor(0.8667, device='cuda:0'), tensor(0.6333, device='cuda:0'), tensor(0.9333, device='cuda:0'), tensor(0.8667, device='cuda:0'), tensor(0.8667, device='cuda:0'), tensor(0.8333, device='cuda:0'), tensor(0.6333, device='cuda:0'), tensor(0.7000, device='cuda:0'), tensor(0.7000, device='cuda:0'), tensor(0.8333, device='cuda:0'), tensor(0.9333, device='cuda:0'), tensor(0.8667, device='cuda:0'), tensor(0.6667, device='cuda:0'), tensor(0.6667, device='cuda:0'), tensor(0.5000, device='cuda:0'), tensor(0.9667, device='cuda:0'), tensor(0.8333, device='cuda:0'), tensor(0.6333, device='cuda:0'), tensor(0.9000, device='cuda:0'), tensor(0.6000, device='cuda:0'), tensor(0.9000, device='cuda:0'), tensor(0.9667, device='cuda:0'), tensor(0.7333, device='cuda:0'), tensor(0.5667, device='cuda:0'), tensor(0.5333, device='cuda:0'), tensor(0.8333, device='cuda:0'), tensor(0.9000, device='cuda:0'), tensor(0.8333, device='cuda:0'), tensor(0.8667, device='cuda:0'), tensor(0.7333, device='cuda:0'), tensor(0.7667, device='cuda:0'), tensor(0.6667, device='cuda:0'), tensor(0.6667, device='cuda:0'), tensor(0.6333, device='cuda:0'), tensor(0.8333, device='cuda:0'), tensor(0.9667, device='cuda:0'), tensor(0.7000, device='cuda:0'), tensor(0.7667, device='cuda:0'), tensor(0.6667, device='cuda:0'), tensor(0.6000, device='cuda:0'), tensor(0.7333, device='cuda:0'), tensor(0.6333, device='cuda:0'), tensor(0.7333, device='cuda:0'), tensor(0.8000, device='cuda:0'), tensor(0.6000, device='cuda:0'), tensor(0.6667, device='cuda:0'), tensor(0.5667, device='cuda:0'), tensor(0.6333, device='cuda:0'), tensor(0.7000, device='cuda:0'), tensor(0.6667, device='cuda:0'), tensor(0.6333, device='cuda:0'), tensor(0.8667, device='cuda:0'), tensor(0.8667, device='cuda:0'), tensor(1., device='cuda:0'), tensor(0.8333, device='cuda:0'), tensor(0.7333, device='cuda:0'), tensor(0.6000, device='cuda:0'), tensor(0.9000, device='cuda:0'), tensor(0.7333, device='cuda:0'), tensor(0.3667, device='cuda:0'), tensor(0.8667, device='cuda:0'), tensor(0.5333, device='cuda:0'), tensor(0.9333, device='cuda:0'), tensor(0.9333, device='cuda:0'), tensor(0.9333, device='cuda:0')]",tensor(0.1391),tensor([0.0273]),"{0: 0.711864406779661, 1: 0.8048780487804879}","{0: 0.84, 1: 0.66}",0.7583712277800745,0.75
"SimpleShot(1,15)_TiO2_40pix_inv",MulticlassAccuracy(),tensor(0.6283),"[tensor(0.6000, device='cuda:0'), tensor(0.3667, device='cuda:0'), tensor(0.6667, device='cuda:0'), tensor(0.8000, device='cuda:0'), tensor(0.5333, device='cuda:0'), tensor(0.6667, device='cuda:0'), tensor(0.6000, device='cuda:0'), tensor(0.7333, device='cuda:0'), tensor(0.6333, device='cuda:0'), tensor(0.7000, device='cuda:0'), tensor(0.5333, device='cuda:0'), tensor(0.7000, device='cuda:0'), tensor(0.7000, device='cuda:0'), tensor(0.6333, device='cuda:0'), tensor(0.4333, device='cuda:0'), tensor(0.6333, device='cuda:0'), tensor(0.6333, device='cuda:0'), tensor(0.7667, device='cuda:0'), tensor(0.7667, device='cuda:0'), tensor(0.5000, device='cuda:0'), tensor(0.6333, device='cuda:0'), tensor(0.7000, device='cuda:0'), tensor(0.6333, device='cuda:0'), tensor(0.5333, device='cuda:0'), tensor(0.7667, device='cuda:0'), tensor(0.7333, device='cuda:0'), tensor(0.6667, device='cuda:0'), tensor(0.6333, device='cuda:0'), tensor(0.8000, device='cuda:0'), tensor(0.4667, device='cuda:0'), tensor(0.5667, device='cuda:0'), tensor(0.7333, device='cuda:0'), tensor(0.7000, device='cuda:0'), tensor(0.2333, device='cuda:0'), tensor(0.7667, device='cuda:0'), tensor(0.6667, device='cuda:0'), tensor(0.7667, device='cuda:0'), tensor(0.5667, device='cuda:0'), tensor(0.7000, device='cuda:0'), tensor(0.4333, device='cuda:0'), tensor(0.3333, device='cuda:0'), tensor(0.7333, device='cuda:0'), tensor(0.3000, device='cuda:0'), tensor(0.6000, device='cuda:0'), tensor(0.8000, device='cuda:0'), tensor(0.2000, device='cuda:0'), tensor(0.7333, device='cuda:0'), tensor(0.7333, device='cuda:0'), tensor(0.6333, device='cuda:0'), tensor(0.5333, device='cuda:0'), tensor(0.7000, device='cuda:0'), tensor(0.3667, device='cuda:0'), tensor(0.7000, device='cuda:0'), tensor(0.7000, device='cuda:0'), tensor(0.5333, device='cuda:0'), tensor(0.6333, device='cuda:0'), tensor(0.6333, device='cuda:0'), tensor(0.7333, device='cuda:0'), tensor(0.6000, device='cuda:0'), tensor(0.5333, device='cuda:0'), tensor(0.5333, device='cuda:0'), tensor(0.7333, device='cuda:0'), tensor(0.7667, device='cuda:0'), tensor(0.8000, device='cuda:0'), tensor(0.7000, device='cuda:0'), tensor(0.5333, device='cuda:0'), tensor(0.6333, device='cuda:0'), tensor(0.7333, device='cuda:0'), tensor(0.7000, device='cuda:0'), tensor(0.6333, device='cuda:0'), tensor(0.7667, device='cuda:0'), tensor(0.7333, device='cuda:0'), tensor(0.8000, device='cuda:0'), tensor(0.6333, device='cuda:0'), tensor(0.6333, device='cuda:0'), tensor(0.4333, device='cuda:0'), tensor(0.6333, device='cuda:0'), tensor(0.7667, device='cuda:0'), tensor(0.3333, device='cuda:0'), tensor(0.7000, device='cuda:0'), tensor(0.6667, device='cuda:0'), tensor(0.6000, device='cuda:0'), tensor(0.8000, device='cuda:0'), tensor(0.7333, device='cuda:0'), tensor(0.6667, device='cuda:0'), tensor(0.7000, device='cuda:0'), tensor(0.6333, device='cuda:0'), tensor(0.5667, device='cuda:0'), tensor(0.6000, device='cuda:0'), tensor(0.6667, device='cuda:0'), tensor(0.6667, device='cuda:0'), tensor(0.6333, device='cuda:0'), tensor(0.7000, device='cuda:0'), tensor(0.6333, device='cuda:0'), tensor(0.3333, device='cuda:0'), tensor(0.6333, device='cuda:0'), tensor(0.5000, device='cuda:0'), tensor(0.7667, device='cuda:0'), tensor(0.3333, device='cuda:0'), tensor(0.7667, device='cuda:0')]",tensor(0.1336),tensor([0.0262]),"{0: 0.5990735975295934, 1: 0.6821192052980133}","{0: 0.776, 1: 0.4806666666666667}",0.6405964014138034,0.6283333333333334
"SimpleShot(3,15)_TiO2_40pix",MulticlassAccuracy(),tensor(0.6437),"[tensor(0.6667, device='cuda:0'), tensor(0.7333, device='cuda:0'), tensor(0.6667, device='cuda:0'), tensor(0.6333, device='cuda:0'), tensor(0.6667, device='cuda:0'), tensor(0.6667, device='cuda:0'), tensor(0.6667, device='cuda:0'), tensor(0.7000, device='cuda:0'), tensor(0.6667, device='cuda:0'), tensor(0.6667, device='cuda:0'), tensor(0.6000, device='cuda:0'), tensor(0.6333, device='cuda:0'), tensor(0.7333, device='cuda:0'), tensor(0.8667, device='cuda:0'), tensor(0.3667, device='cuda:0'), tensor(0.6667, device='cuda:0'), tensor(0.7000, device='cuda:0'), tensor(0.6667, device='cuda:0'), tensor(0.6333, device='cuda:0'), tensor(0.7000, device='cuda:0'), tensor(0.7667, device='cuda:0'), tensor(0.8333, device='cuda:0'), tensor(0.6000, device='cuda:0'), tensor(0.6000, device='cuda:0'), tensor(0.3000, device='cuda:0'), tensor(0.7000, device='cuda:0'), tensor(0.7000, device='cuda:0'), tensor(0.7333, device='cuda:0'), tensor(0.7333, device='cuda:0'), tensor(0.8000, device='cuda:0'), tensor(0.5333, device='cuda:0'), tensor(0.7000, device='cuda:0'), tensor(0.8667, device='cuda:0'), tensor(0.6667, device='cuda:0'), tensor(0.4667, device='cuda:0'), tensor(0.7333, device='cuda:0'), tensor(0.3333, device='cuda:0'), tensor(0.7667, device='cuda:0'), tensor(0.6000, device='cuda:0'), tensor(0.6667, device='cuda:0'), tensor(0.6333, device='cuda:0'), tensor(0.3333, device='cuda:0'), tensor(0.7000, device='cuda:0'), tensor(0.5667, device='cuda:0'), tensor(0.4000, device='cuda:0'), tensor(0.6333, device='cuda:0'), tensor(0.7000, device='cuda:0'), tensor(0.6667, device='cuda:0'), tensor(0.6667, device='cuda:0'), tensor(0.5000, device='cuda:0'), tensor(0.7333, device='cuda:0'), tensor(0.5333, device='cuda:0'), tensor(0.6333, device='cuda:0'), tensor(0.6667, device='cuda:0'), tensor(0.6333, device='cuda:0'), tensor(0.8333, device='cuda:0'), tensor(0.7667, device='cuda:0'), tensor(0.7333, device='cuda:0'), tensor(0.5667, device='cuda:0'), tensor(0.5333, device='cuda:0'), tensor(0.5333, device='cuda:0'), tensor(0.7667, device='cuda:0'), tensor(0.7667, device='cuda:0'), tensor(0.6000, device='cuda:0'), tensor(0.7333, device='cuda:0'), tensor(0.7667, device='cuda:0'), tensor(0.6667, device='cuda:0'), tensor(0.6667, device='cuda:0'), tensor(0.6333, device='cuda:0'), tensor(0.6000, device='cuda:0'), tensor(0.6000, device='cuda:0'), tensor(0.7333, device='cuda:0'), tensor(0.7000, device='cuda:0'), tensor(0.6667, device='cuda:0'), tensor(0.6000, device='cuda:0'), tensor(0.7333, device='cuda:0'), tensor(0.5333, device='cuda:0'), tensor(0.6333, device='cuda:0'), tensor(0.5333, device='cuda:0'), tensor(0.6000, device='cuda:0'), tensor(0.6667, device='cuda:0'), tensor(0.5667, device='cuda:0'), tensor(0.6333, device='cuda:0'), tensor(0.5667, device='cuda:0'), tensor(0.6667, device='cuda:0'), tensor(0.6333, device='cuda:0'), tensor(0.7000, device='cuda:0'), tensor(0.7333, device='cuda:0'), tensor(0.7667, device='cuda:0'), tensor(0.6333, device='cuda:0'), tensor(0.6667, device='cuda:0'), tensor(0.3667, device='cuda:0'), tensor(0.7333, device='cuda:0'), tensor(0.6333, device='cuda:0'), tensor(0.3667, device='cuda:0'), tensor(0.6333, device='cuda:0'), tensor(0.5333, device='cuda:0'), tensor(0.7000, device='cuda:0'), tensor(0.6333, device='cuda:0'), tensor(0.6333, device='cuda:0')]",tensor(0.1112),tensor([0.0218]),"{0: 0.6156736446591519, 1: 0.6895338610378188}","{0: 0.7646666666666667, 1: 0.5226666666666666}",0.6526037528484854,0.6436666666666666
"SimpleShot(1,15)_TiO2_40pix",MulticlassAccuracy(),tensor(0.5813),"[tensor(0.5667, device='cuda:0'), tensor(0.3667, device='cuda:0'), tensor(0.6667, device='cuda:0'), tensor(0.6333, device='cuda:0'), tensor(0.5333, device='cuda:0'), tensor(0.6667, device='cuda:0'), tensor(0.5667, device='cuda:0'), tensor(0.7333, device='cuda:0'), tensor(0.6333, device='cuda:0'), tensor(0.5000, device='cuda:0'), tensor(0.5333, device='cuda:0'), tensor(0.7000, device='cuda:0'), tensor(0.7000, device='cuda:0'), tensor(0.6333, device='cuda:0'), tensor(0.4333, device='cuda:0'), tensor(0.5333, device='cuda:0'), tensor(0.6333, device='cuda:0'), tensor(0.7333, device='cuda:0'), tensor(0.2667, device='cuda:0'), tensor(0.3000, device='cuda:0'), tensor(0.5667, device='cuda:0'), tensor(0.6333, device='cuda:0'), tensor(0.6333, device='cuda:0'), tensor(0.6000, device='cuda:0'), tensor(0.6667, device='cuda:0'), tensor(0.6667, device='cuda:0'), tensor(0.6667, device='cuda:0'), tensor(0.5667, device='cuda:0'), tensor(0.7667, device='cuda:0'), tensor(0.5333, device='cuda:0'), tensor(0.5667, device='cuda:0'), tensor(0.7333, device='cuda:0'), tensor(0.5333, device='cuda:0'), tensor(0.2333, device='cuda:0'), tensor(0.5667, device='cuda:0'), tensor(0.6667, device='cuda:0'), tensor(0.6333, device='cuda:0'), tensor(0.3000, device='cuda:0'), tensor(0.6333, device='cuda:0'), tensor(0.4667, device='cuda:0'), tensor(0.4667, device='cuda:0'), tensor(0.6667, device='cuda:0'), tensor(0.3000, device='cuda:0'), tensor(0.6000, device='cuda:0'), tensor(0.4667, device='cuda:0'), tensor(0.2000, device='cuda:0'), tensor(0.7333, device='cuda:0'), tensor(0.7333, device='cuda:0'), tensor(0.6333, device='cuda:0'), tensor(0.5333, device='cuda:0'), tensor(0.6333, device='cuda:0'), tensor(0.3667, device='cuda:0'), tensor(0.7000, device='cuda:0'), tensor(0.6333, device='cuda:0'), tensor(0.5333, device='cuda:0'), tensor(0.6333, device='cuda:0'), tensor(0.2333, device='cuda:0'), tensor(0.7333, device='cuda:0'), tensor(0.5000, device='cuda:0'), tensor(0.5333, device='cuda:0'), tensor(0.5333, device='cuda:0'), tensor(0.7333, device='cuda:0'), tensor(0.7667, device='cuda:0'), tensor(0.6667, device='cuda:0'), tensor(0.7000, device='cuda:0'), tensor(0.4333, device='cuda:0'), tensor(0.4667, device='cuda:0'), tensor(0.6667, device='cuda:0'), tensor(0.7000, device='cuda:0'), tensor(0.6333, device='cuda:0'), tensor(0.6667, device='cuda:0'), tensor(0.7000, device='cuda:0'), tensor(0.7333, device='cuda:0'), tensor(0.5667, device='cuda:0'), tensor(0.6333, device='cuda:0'), tensor(0.7667, device='cuda:0'), tensor(0.6000, device='cuda:0'), tensor(0.6667, device='cuda:0'), tensor(0.3333, device='cuda:0'), tensor(0.7000, device='cuda:0'), tensor(0.6667, device='cuda:0'), tensor(0.6000, device='cuda:0'), tensor(0.5667, device='cuda:0'), tensor(0.5333, device='cuda:0'), tensor(0.6667, device='cuda:0'), tensor(0.6000, device='cuda:0'), tensor(0.6667, device='cuda:0'), tensor(0.5667, device='cuda:0'), tensor(0.2333, device='cuda:0'), tensor(0.6667, device='cuda:0'), tensor(0.6000, device='cuda:0'), tensor(0.4667, device='cuda:0'), tensor(0.7000, device='cuda:0'), tensor(0.8000, device='cuda:0'), tensor(0.5333, device='cuda:0'), tensor(0.6000, device='cuda:0'), tensor(0.5000, device='cuda:0'), tensor(0.6667, device='cuda:0'), tensor(0.3333, device='cuda:0'), tensor(0.7000, device='cuda:0')]",tensor(0.1362),tensor([0.0267]),"{0: 0.5688487584650113, 1: 0.5993485342019544}","{0: 0.672, 1: 0.49066666666666664}",0.5840986463334829,0.5813333333333334
"SimpleShot(3,15)_Ge(001)_40pix_inv",MulticlassAccuracy(),tensor(0.6038),"[tensor(0.5000, device='cuda:0'), tensor(0.4833, device='cuda:0'), tensor(0.5667, device='cuda:0'), tensor(0.4000, device='cuda:0'), tensor(0.7333, device='cuda:0'), tensor(0.4500, device='cuda:0'), tensor(0.7167, device='cuda:0'), tensor(0.6500, device='cuda:0'), tensor(0.7167, device='cuda:0'), tensor(0.5833, device='cuda:0'), tensor(0.6500, device='cuda:0'), tensor(0.5667, device='cuda:0'), tensor(0.4333, device='cuda:0'), tensor(0.7500, device='cuda:0'), tensor(0.7500, device='cuda:0'), tensor(0.6500, device='cuda:0'), tensor(0.5333, device='cuda:0'), tensor(0.5333, device='cuda:0'), tensor(0.7500, device='cuda:0'), tensor(0.6500, device='cuda:0'), tensor(0.6500, device='cuda:0'), tensor(0.4167, device='cuda:0'), tensor(0.4167, device='cuda:0'), tensor(0.5500, device='cuda:0'), tensor(0.6333, device='cuda:0'), tensor(0.4833, device='cuda:0'), tensor(0.4667, device='cuda:0'), tensor(0.4833, device='cuda:0'), tensor(0.6167, device='cuda:0'), tensor(0.7500, device='cuda:0'), tensor(0.6500, device='cuda:0'), tensor(0.6167, device='cuda:0'), tensor(0.5667, device='cuda:0'), tensor(0.5667, device='cuda:0'), tensor(0.7333, device='cuda:0'), tensor(0.6500, device='cuda:0'), tensor(0.5333, device='cuda:0'), tensor(0.6667, device='cuda:0'), tensor(0.7000, device='cuda:0'), tensor(0.6833, device='cuda:0'), tensor(0.6167, device='cuda:0'), tensor(0.7167, device='cuda:0'), tensor(0.7667, device='cuda:0'), tensor(0.5833, device='cuda:0'), tensor(0.5500, device='cuda:0'), tensor(0.3000, device='cuda:0'), tensor(0.6833, device='cuda:0'), tensor(0.6333, device='cuda:0'), tensor(0.6000, device='cuda:0'), tensor(0.6333, device='cuda:0'), tensor(0.5500, device='cuda:0'), tensor(0.6500, device='cuda:0'), tensor(0.5667, device='cuda:0'), tensor(0.4667, device='cuda:0'), tensor(0.5000, device='cuda:0'), tensor(0.5667, device='cuda:0'), tensor(0.7167, device='cuda:0'), tensor(0.7000, device='cuda:0'), tensor(0.6500, device='cuda:0'), tensor(0.6833, device='cuda:0'), tensor(0.8000, device='cuda:0'), tensor(0.6333, device='cuda:0'), tensor(0.6500, device='cuda:0'), tensor(0.3500, device='cuda:0'), tensor(0.6167, device='cuda:0'), tensor(0.5833, device='cuda:0'), tensor(0.6500, device='cuda:0'), tensor(0.6667, device='cuda:0'), tensor(0.6833, device='cuda:0'), tensor(0.6667, device='cuda:0'), tensor(0.6000, device='cuda:0'), tensor(0.6500, device='cuda:0'), tensor(0.6500, device='cuda:0'), tensor(0.7333, device='cuda:0'), tensor(0.6167, device='cuda:0'), tensor(0.5667, device='cuda:0'), tensor(0.6667, device='cuda:0'), tensor(0.7167, device='cuda:0'), tensor(0.5333, device='cuda:0'), tensor(0.5167, device='cuda:0'), tensor(0.5333, device='cuda:0'), tensor(0.4667, device='cuda:0'), tensor(0.3000, device='cuda:0'), tensor(0.7000, device='cuda:0'), tensor(0.5167, device='cuda:0'), tensor(0.7500, device='cuda:0'), tensor(0.7333, device='cuda:0'), tensor(0.6167, device='cuda:0'), tensor(0.5833, device='cuda:0'), tensor(0.6667, device='cuda:0'), tensor(0.6333, device='cuda:0'), tensor(0.5667, device='cuda:0'), tensor(0.5833, device='cuda:0'), tensor(0.7500, device='cuda:0'), tensor(0.5000, device='cuda:0'), tensor(0.5333, device='cuda:0'), tensor(0.5167, device='cuda:0'), tensor(0.5167, device='cuda:0'), tensor(0.6667, device='cuda:0'), tensor(0.6667, device='cuda:0')]",tensor(0.1037),tensor([0.0203]),"{0: 0.44719101123595506, 1: 0.5689092096668844, 2: 0.6050251256281407, 3: 0.8685983827493261, 4: 0.4209090909090909}","{0: 0.37370892018779345, 1: 0.7258333333333333, 2: 0.4894308943089431, 3: 0.9992248062015504, 4: 0.38106995884773665}",0.5821265640378794,0.5938535825758715
"SimpleShot(1,15)_Ge(001)_40pix_inv",MulticlassAccuracy(),tensor(0.5270),"[tensor(0.4667, device='cuda:0'), tensor(0.5000, device='cuda:0'), tensor(0.5167, device='cuda:0'), tensor(0.4500, device='cuda:0'), tensor(0.5667, device='cuda:0'), tensor(0.3667, device='cuda:0'), tensor(0.6167, device='cuda:0'), tensor(0.5833, device='cuda:0'), tensor(0.6833, device='cuda:0'), tensor(0.5667, device='cuda:0'), tensor(0.6167, device='cuda:0'), tensor(0.4667, device='cuda:0'), tensor(0.3667, device='cuda:0'), tensor(0.6833, device='cuda:0'), tensor(0.5000, device='cuda:0'), tensor(0.6667, device='cuda:0'), tensor(0.3000, device='cuda:0'), tensor(0.2833, device='cuda:0'), tensor(0.7333, device='cuda:0'), tensor(0.5500, device='cuda:0'), tensor(0.5167, device='cuda:0'), tensor(0.4000, device='cuda:0'), tensor(0.5667, device='cuda:0'), tensor(0.4167, device='cuda:0'), tensor(0.6667, device='cuda:0'), tensor(0.5500, device='cuda:0'), tensor(0.3833, device='cuda:0'), tensor(0.4667, device='cuda:0'), tensor(0.5333, device='cuda:0'), tensor(0.5167, device='cuda:0'), tensor(0.7000, device='cuda:0'), tensor(0.5167, device='cuda:0'), tensor(0.5500, device='cuda:0'), tensor(0.5833, device='cuda:0'), tensor(0.5500, device='cuda:0'), tensor(0.5667, device='cuda:0'), tensor(0.5167, device='cuda:0'), tensor(0.6167, device='cuda:0'), tensor(0.5500, device='cuda:0'), tensor(0.7000, device='cuda:0'), tensor(0.5667, device='cuda:0'), tensor(0.5333, device='cuda:0'), tensor(0.5500, device='cuda:0'), tensor(0.6667, device='cuda:0'), tensor(0.5333, device='cuda:0'), tensor(0.5000, device='cuda:0'), tensor(0.5000, device='cuda:0'), tensor(0.6167, device='cuda:0'), tensor(0.5500, device='cuda:0'), tensor(0.6000, device='cuda:0'), tensor(0.5833, device='cuda:0'), tensor(0.6667, device='cuda:0'), tensor(0.6167, device='cuda:0'), tensor(0.3500, device='cuda:0'), tensor(0.2833, device='cuda:0'), tensor(0.5500, device='cuda:0'), tensor(0.4667, device='cuda:0'), tensor(0.5833, device='cuda:0'), tensor(0.6500, device='cuda:0'), tensor(0.5667, device='cuda:0'), tensor(0.5667, device='cuda:0'), tensor(0.5667, device='cuda:0'), tensor(0.5667, device='cuda:0'), tensor(0.3167, device='cuda:0'), tensor(0.4167, device='cuda:0'), tensor(0.6000, device='cuda:0'), tensor(0.4000, device='cuda:0'), tensor(0.7000, device='cuda:0'), tensor(0.5500, device='cuda:0'), tensor(0.7333, device='cuda:0'), tensor(0.6667, device='cuda:0'), tensor(0.6167, device='cuda:0'), tensor(0.5333, device='cuda:0'), tensor(0.4000, device='cuda:0'), tensor(0.3667, device='cuda:0'), tensor(0.5500, device='cuda:0'), tensor(0.5000, device='cuda:0'), tensor(0.6500, device='cuda:0'), tensor(0.5500, device='cuda:0'), tensor(0.4333, device='cuda:0'), tensor(0.3167, device='cuda:0'), tensor(0.3000, device='cuda:0'), tensor(0.2833, device='cuda:0'), tensor(0.2167, device='cuda:0'), tensor(0.5167, device='cuda:0'), tensor(0.4167, device='cuda:0'), tensor(0.5667, device='cuda:0'), tensor(0.5500, device='cuda:0'), tensor(0.5500, device='cuda:0'), tensor(0.4000, device='cuda:0'), tensor(0.6500, device='cuda:0'), tensor(0.6167, device='cuda:0'), tensor(0.5667, device='cuda:0'), tensor(0.5333, device='cuda:0'), tensor(0.5167, device='cuda:0'), tensor(0.5833, device='cuda:0'), tensor(0.3833, device='cuda:0'), tensor(0.5667, device='cuda:0'), tensor(0.6000, device='cuda:0'), tensor(0.6000, device='cuda:0')]",tensor(0.1118),tensor([0.0219]),"{0: 0.357685009487666, 1: 0.4669522643818849, 2: 0.48004561003420754, 3: 0.874079528718704, 4: 0.38440111420612816}","{0: 0.3539906103286385, 1: 0.6358333333333334, 2: 0.34227642276422765, 3: 0.92015503875969, 4: 0.34074074074074073}",0.512632705365718,0.518599229185326
"SimpleShot(3,15)_Ge(001)_40pix",MulticlassAccuracy(),tensor(0.5823),"[tensor(0.5667, device='cuda:0'), tensor(0.5500, device='cuda:0'), tensor(0.5667, device='cuda:0'), tensor(0.3000, device='cuda:0'), tensor(0.5833, device='cuda:0'), tensor(0.3500, device='cuda:0'), tensor(0.6500, device='cuda:0'), tensor(0.5333, device='cuda:0'), tensor(0.6833, device='cuda:0'), tensor(0.4833, device='cuda:0'), tensor(0.7000, device='cuda:0'), tensor(0.6500, device='cuda:0'), tensor(0.4167, device='cuda:0'), tensor(0.6667, device='cuda:0'), tensor(0.6000, device='cuda:0'), tensor(0.6333, device='cuda:0'), tensor(0.4000, device='cuda:0'), tensor(0.5167, device='cuda:0'), tensor(0.8000, device='cuda:0'), tensor(0.6667, device='cuda:0'), tensor(0.6500, device='cuda:0'), tensor(0.4167, device='cuda:0'), tensor(0.5500, device='cuda:0'), tensor(0.5333, device='cuda:0'), tensor(0.6167, device='cuda:0'), tensor(0.5333, device='cuda:0'), tensor(0.5500, device='cuda:0'), tensor(0.4167, device='cuda:0'), tensor(0.6500, device='cuda:0'), tensor(0.6000, device='cuda:0'), tensor(0.6333, device='cuda:0'), tensor(0.6167, device='cuda:0'), tensor(0.6000, device='cuda:0'), tensor(0.6500, device='cuda:0'), tensor(0.5333, device='cuda:0'), tensor(0.5000, device='cuda:0'), tensor(0.5167, device='cuda:0'), tensor(0.6833, device='cuda:0'), tensor(0.6833, device='cuda:0'), tensor(0.5500, device='cuda:0'), tensor(0.5500, device='cuda:0'), tensor(0.7000, device='cuda:0'), tensor(0.5333, device='cuda:0'), tensor(0.5667, device='cuda:0'), tensor(0.6167, device='cuda:0'), tensor(0.2333, device='cuda:0'), tensor(0.7000, device='cuda:0'), tensor(0.5333, device='cuda:0'), tensor(0.5333, device='cuda:0'), tensor(0.6000, device='cuda:0'), tensor(0.6167, device='cuda:0'), tensor(0.7000, device='cuda:0'), tensor(0.6000, device='cuda:0'), tensor(0.4500, device='cuda:0'), tensor(0.2500, device='cuda:0'), tensor(0.5667, device='cuda:0'), tensor(0.6167, device='cuda:0'), tensor(0.6167, device='cuda:0'), tensor(0.7167, device='cuda:0'), tensor(0.7500, device='cuda:0'), tensor(0.5833, device='cuda:0'), tensor(0.5667, device='cuda:0'), tensor(0.7500, device='cuda:0'), tensor(0.4667, device='cuda:0'), tensor(0.6667, device='cuda:0'), tensor(0.6000, device='cuda:0'), tensor(0.6000, device='cuda:0'), tensor(0.6500, device='cuda:0'), tensor(0.5833, device='cuda:0'), tensor(0.6833, device='cuda:0'), tensor(0.5667, device='cuda:0'), tensor(0.5167, device='cuda:0'), tensor(0.6167, device='cuda:0'), tensor(0.6833, device='cuda:0'), tensor(0.6667, device='cuda:0'), tensor(0.5667, device='cuda:0'), tensor(0.5333, device='cuda:0'), tensor(0.7167, device='cuda:0'), tensor(0.6833, device='cuda:0'), tensor(0.4833, device='cuda:0'), tensor(0.5000, device='cuda:0'), tensor(0.3833, device='cuda:0'), tensor(0.3167, device='cuda:0'), tensor(0.5500, device='cuda:0'), tensor(0.6000, device='cuda:0'), tensor(0.7333, device='cuda:0'), tensor(0.6167, device='cuda:0'), tensor(0.7000, device='cuda:0'), tensor(0.6833, device='cuda:0'), tensor(0.5500, device='cuda:0'), tensor(0.6500, device='cuda:0'), tensor(0.6333, device='cuda:0'), tensor(0.6000, device='cuda:0'), tensor(0.7000, device='cuda:0'), tensor(0.5833, device='cuda:0'), tensor(0.5833, device='cuda:0'), tensor(0.4833, device='cuda:0'), tensor(0.6667, device='cuda:0'), tensor(0.6833, device='cuda:0'), tensor(0.5833, device='cuda:0')]",tensor(0.1064),tensor([0.0209]),"{0: 0.4041095890410959, 1: 0.49930651872399445, 2: 0.6189427312775331, 3: 0.9991708126036484, 4: 0.4177215189873418}","{0: 0.38779342723004695, 1: 0.6, 2: 0.45691056910569106, 3: 0.9341085271317829, 4: 0.4888888888888889}",0.5878502341267227,0.573540282471282
"SimpleShot(1,15)_Ge(001)_40pix",MulticlassAccuracy(),tensor(0.5228),"[tensor(0.6167, device='cuda:0'), tensor(0.5000, device='cuda:0'), tensor(0.5333, device='cuda:0'), tensor(0.4500, device='cuda:0'), tensor(0.5833, device='cuda:0'), tensor(0.3667, device='cuda:0'), tensor(0.5833, device='cuda:0'), tensor(0.4833, device='cuda:0'), tensor(0.5333, device='cuda:0'), tensor(0.4500, device='cuda:0'), tensor(0.6667, device='cuda:0'), tensor(0.5333, device='cuda:0'), tensor(0.4000, device='cuda:0'), tensor(0.6333, device='cuda:0'), tensor(0.4833, device='cuda:0'), tensor(0.5500, device='cuda:0'), tensor(0.3167, device='cuda:0'), tensor(0.3667, device='cuda:0'), tensor(0.6833, device='cuda:0'), tensor(0.4333, device='cuda:0'), tensor(0.4667, device='cuda:0'), tensor(0.2667, device='cuda:0'), tensor(0.5167, device='cuda:0'), tensor(0.4833, device='cuda:0'), tensor(0.5667, device='cuda:0'), tensor(0.6333, device='cuda:0'), tensor(0.4000, device='cuda:0'), tensor(0.4667, device='cuda:0'), tensor(0.5000, device='cuda:0'), tensor(0.5167, device='cuda:0'), tensor(0.6000, device='cuda:0'), tensor(0.6000, device='cuda:0'), tensor(0.5500, device='cuda:0'), tensor(0.5833, device='cuda:0'), tensor(0.6333, device='cuda:0'), tensor(0.5167, device='cuda:0'), tensor(0.4833, device='cuda:0'), tensor(0.5333, device='cuda:0'), tensor(0.5500, device='cuda:0'), tensor(0.7167, device='cuda:0'), tensor(0.5167, device='cuda:0'), tensor(0.6333, device='cuda:0'), tensor(0.6000, device='cuda:0'), tensor(0.6333, device='cuda:0'), tensor(0.5000, device='cuda:0'), tensor(0.3833, device='cuda:0'), tensor(0.5500, device='cuda:0'), tensor(0.5833, device='cuda:0'), tensor(0.5167, device='cuda:0'), tensor(0.6167, device='cuda:0'), tensor(0.5333, device='cuda:0'), tensor(0.5500, device='cuda:0'), tensor(0.4000, device='cuda:0'), tensor(0.3167, device='cuda:0'), tensor(0.2667, device='cuda:0'), tensor(0.4500, device='cuda:0'), tensor(0.4333, device='cuda:0'), tensor(0.5833, device='cuda:0'), tensor(0.6667, device='cuda:0'), tensor(0.7167, device='cuda:0'), tensor(0.6000, device='cuda:0'), tensor(0.5000, device='cuda:0'), tensor(0.6000, device='cuda:0'), tensor(0.3833, device='cuda:0'), tensor(0.4333, device='cuda:0'), tensor(0.5167, device='cuda:0'), tensor(0.5500, device='cuda:0'), tensor(0.5833, device='cuda:0'), tensor(0.6000, device='cuda:0'), tensor(0.6833, device='cuda:0'), tensor(0.6000, device='cuda:0'), tensor(0.5500, device='cuda:0'), tensor(0.5000, device='cuda:0'), tensor(0.5333, device='cuda:0'), tensor(0.6000, device='cuda:0'), tensor(0.6333, device='cuda:0'), tensor(0.4833, device='cuda:0'), tensor(0.5333, device='cuda:0'), tensor(0.5167, device='cuda:0'), tensor(0.4833, device='cuda:0'), tensor(0.3167, device='cuda:0'), tensor(0.3833, device='cuda:0'), tensor(0.3833, device='cuda:0'), tensor(0.3500, device='cuda:0'), tensor(0.5167, device='cuda:0'), tensor(0.5000, device='cuda:0'), tensor(0.6000, device='cuda:0'), tensor(0.6333, device='cuda:0'), tensor(0.5667, device='cuda:0'), tensor(0.4500, device='cuda:0'), tensor(0.7000, device='cuda:0'), tensor(0.6500, device='cuda:0'), tensor(0.5167, device='cuda:0'), tensor(0.5333, device='cuda:0'), tensor(0.5500, device='cuda:0'), tensor(0.5333, device='cuda:0'), tensor(0.3333, device='cuda:0'), tensor(0.5667, device='cuda:0'), tensor(0.5333, device='cuda:0'), tensor(0.5833, device='cuda:0')]",tensor(0.0991),tensor([0.0194]),"{0: 0.3485888634630053, 1: 0.42936802973977695, 2: 0.5760869565217391, 3: 0.9690063810391978, 4: 0.4025764895330113}","{0: 0.4291079812206573, 1: 0.5775, 2: 0.34471544715447155, 3: 0.8240310077519379, 4: 0.411522633744856}",0.5451253440593461,0.5173754139743846
"SimpleShot(3,15)_Si(001)_40pix_inv",MulticlassAccuracy(),tensor(0.9380),"[tensor(0.9667, device='cuda:0'), tensor(0.9167, device='cuda:0'), tensor(0.9500, device='cuda:0'), tensor(0.9500, device='cuda:0'), tensor(0.9500, device='cuda:0'), tensor(0.9667, device='cuda:0'), tensor(0.9000, device='cuda:0'), tensor(0.9000, device='cuda:0'), tensor(0.9333, device='cuda:0'), tensor(0.9667, device='cuda:0'), tensor(0.9500, device='cuda:0'), tensor(0.8667, device='cuda:0'), tensor(0.9167, device='cuda:0'), tensor(0.8833, device='cuda:0'), tensor(0.9500, device='cuda:0'), tensor(0.9167, device='cuda:0'), tensor(0.9833, device='cuda:0'), tensor(0.9333, device='cuda:0'), tensor(0.9167, device='cuda:0'), tensor(0.9000, device='cuda:0'), tensor(0.9167, device='cuda:0'), tensor(0.9500, device='cuda:0'), tensor(0.9500, device='cuda:0'), tensor(0.9667, device='cuda:0'), tensor(0.9500, device='cuda:0'), tensor(0.9000, device='cuda:0'), tensor(0.9833, device='cuda:0'), tensor(0.9333, device='cuda:0'), tensor(0.9167, device='cuda:0'), tensor(0.9500, device='cuda:0'), tensor(0.8667, device='cuda:0'), tensor(0.9667, device='cuda:0'), tensor(0.9500, device='cuda:0'), tensor(0.9000, device='cuda:0'), tensor(0.9833, device='cuda:0'), tensor(0.9333, device='cuda:0'), tensor(0.9667, device='cuda:0'), tensor(0.9333, device='cuda:0'), tensor(0.9833, device='cuda:0'), tensor(0.9500, device='cuda:0'), tensor(0.9167, device='cuda:0'), tensor(0.9667, device='cuda:0'), tensor(0.9500, device='cuda:0'), tensor(0.9167, device='cuda:0'), tensor(0.8833, device='cuda:0'), tensor(0.9333, device='cuda:0'), tensor(0.9333, device='cuda:0'), tensor(0.9833, device='cuda:0'), tensor(0.9333, device='cuda:0'), tensor(0.9833, device='cuda:0'), tensor(0.9500, device='cuda:0'), tensor(0.9167, device='cuda:0'), tensor(1., device='cuda:0'), tensor(0.9167, device='cuda:0'), tensor(0.9333, device='cuda:0'), tensor(0.8833, device='cuda:0'), tensor(0.9667, device='cuda:0'), tensor(0.8667, device='cuda:0'), tensor(0.9167, device='cuda:0'), tensor(0.9667, device='cuda:0'), tensor(0.9667, device='cuda:0'), tensor(0.9500, device='cuda:0'), tensor(0.9667, device='cuda:0'), tensor(0.9333, device='cuda:0'), tensor(0.9667, device='cuda:0'), tensor(0.9500, device='cuda:0'), tensor(0.9667, device='cuda:0'), tensor(0.9667, device='cuda:0'), tensor(0.9500, device='cuda:0'), tensor(0.9500, device='cuda:0'), tensor(0.9333, device='cuda:0'), tensor(0.9167, device='cuda:0'), tensor(0.9500, device='cuda:0'), tensor(0.9833, device='cuda:0'), tensor(0.9667, device='cuda:0'), tensor(0.9333, device='cuda:0'), tensor(0.8833, device='cuda:0'), tensor(0.9167, device='cuda:0'), tensor(0.9500, device='cuda:0'), tensor(0.9500, device='cuda:0'), tensor(0.9333, device='cuda:0'), tensor(0.9333, device='cuda:0'), tensor(0.9500, device='cuda:0'), tensor(0.9333, device='cuda:0'), tensor(1., device='cuda:0'), tensor(0.8833, device='cuda:0'), tensor(0.9333, device='cuda:0'), tensor(1., device='cuda:0'), tensor(0.9667, device='cuda:0'), tensor(0.9500, device='cuda:0'), tensor(0.9333, device='cuda:0'), tensor(0.9333, device='cuda:0'), tensor(0.9833, device='cuda:0'), tensor(0.9000, device='cuda:0'), tensor(0.8667, device='cuda:0'), tensor(0.9500, device='cuda:0'), tensor(0.9000, device='cuda:0'), tensor(0.8833, device='cuda:0'), tensor(0.9000, device='cuda:0'), tensor(0.9333, device='cuda:0')]",tensor(0.0319),tensor([0.0062]),"{0: 0.9708242159008024, 1: 0.9358730158730159, 2: 0.8978562421185372, 3: 0.9529972752043597}","{0: 0.8873333333333333, 1: 0.9826666666666667, 2: 0.9493333333333334, 3: 0.9326666666666666}",0.9393876872741788,0.9380000000000001
"SimpleShot(1,15)_Si(001)_40pix_inv",MulticlassAccuracy(),tensor(0.8768),"[tensor(0.9833, device='cuda:0'), tensor(0.8833, device='cuda:0'), tensor(0.8833, device='cuda:0'), tensor(0.9500, device='cuda:0'), tensor(0.8667, device='cuda:0'), tensor(0.8833, device='cuda:0'), tensor(0.9000, device='cuda:0'), tensor(0.9167, device='cuda:0'), tensor(0.9000, device='cuda:0'), tensor(0.8333, device='cuda:0'), tensor(0.9333, device='cuda:0'), tensor(0.9667, device='cuda:0'), tensor(0.9333, device='cuda:0'), tensor(0.8667, device='cuda:0'), tensor(0.9667, device='cuda:0'), tensor(0.8500, device='cuda:0'), tensor(0.9167, device='cuda:0'), tensor(0.9167, device='cuda:0'), tensor(0.8333, device='cuda:0'), tensor(0.9333, device='cuda:0'), tensor(0.8500, device='cuda:0'), tensor(0.8000, device='cuda:0'), tensor(0.8833, device='cuda:0'), tensor(0.8833, device='cuda:0'), tensor(0.9500, device='cuda:0'), tensor(0.9167, device='cuda:0'), tensor(0.9000, device='cuda:0'), tensor(0.9000, device='cuda:0'), tensor(0.8500, device='cuda:0'), tensor(0.9167, device='cuda:0'), tensor(0.8500, device='cuda:0'), tensor(0.9167, device='cuda:0'), tensor(0.8667, device='cuda:0'), tensor(0.8833, device='cuda:0'), tensor(0.8833, device='cuda:0'), tensor(0.9000, device='cuda:0'), tensor(0.5167, device='cuda:0'), tensor(0.8333, device='cuda:0'), tensor(0.8667, device='cuda:0'), tensor(0.9500, device='cuda:0'), tensor(0.8833, device='cuda:0'), tensor(0.9167, device='cuda:0'), tensor(0.9333, device='cuda:0'), tensor(0.8667, device='cuda:0'), tensor(0.8833, device='cuda:0'), tensor(0.9167, device='cuda:0'), tensor(0.8833, device='cuda:0'), tensor(0.8833, device='cuda:0'), tensor(0.8667, device='cuda:0'), tensor(0.9500, device='cuda:0'), tensor(0.9000, device='cuda:0'), tensor(0.8333, device='cuda:0'), tensor(0.9667, device='cuda:0'), tensor(0.8167, device='cuda:0'), tensor(0.9333, device='cuda:0'), tensor(0.8167, device='cuda:0'), tensor(0.9000, device='cuda:0'), tensor(0.8667, device='cuda:0'), tensor(0.8833, device='cuda:0'), tensor(0.7833, device='cuda:0'), tensor(0.9500, device='cuda:0'), tensor(0.7333, device='cuda:0'), tensor(0.8333, device='cuda:0'), tensor(0.9167, device='cuda:0'), tensor(0.9167, device='cuda:0'), tensor(0.8667, device='cuda:0'), tensor(0.8833, device='cuda:0'), tensor(0.9667, device='cuda:0'), tensor(0.9167, device='cuda:0'), tensor(0.6000, device='cuda:0'), tensor(0.8500, device='cuda:0'), tensor(0.9000, device='cuda:0'), tensor(0.9500, device='cuda:0'), tensor(0.9000, device='cuda:0'), tensor(0.9500, device='cuda:0'), tensor(0.9000, device='cuda:0'), tensor(0.9167, device='cuda:0'), tensor(0.9833, device='cuda:0'), tensor(0.9333, device='cuda:0'), tensor(0.7833, device='cuda:0'), tensor(0.9167, device='cuda:0'), tensor(0.8167, device='cuda:0'), tensor(0.8667, device='cuda:0'), tensor(0.9167, device='cuda:0'), tensor(0.5500, device='cuda:0'), tensor(0.7833, device='cuda:0'), tensor(0.9000, device='cuda:0'), tensor(0.8667, device='cuda:0'), tensor(0.9000, device='cuda:0'), tensor(0.9333, device='cuda:0'), tensor(0.8500, device='cuda:0'), tensor(0.8333, device='cuda:0'), tensor(0.8500, device='cuda:0'), tensor(0.9333, device='cuda:0'), tensor(0.9000, device='cuda:0'), tensor(0.8667, device='cuda:0'), tensor(0.9500, device='cuda:0'), tensor(0.8667, device='cuda:0'), tensor(0.8667, device='cuda:0'), tensor(0.5500, device='cuda:0')]",tensor(0.0813),tensor([0.0159]),"{0: 0.9205992509363295, 1: 0.8567946374162096, 2: 0.8430521091811415, 3: 0.8973087818696884}","{0: 0.8193333333333334, 1: 0.9373333333333334, 2: 0.906, 3: 0.8446666666666667}",0.8794386948508423,0.8768333333333334
"SimpleShot(3,15)_Si(001)_40pix",MulticlassAccuracy(),tensor(0.8647),"[tensor(0.9500, device='cuda:0'), tensor(0.9167, device='cuda:0'), tensor(0.8667, device='cuda:0'), tensor(0.8500, device='cuda:0'), tensor(0.9333, device='cuda:0'), tensor(0.8333, device='cuda:0'), tensor(0.8833, device='cuda:0'), tensor(0.9333, device='cuda:0'), tensor(0.9167, device='cuda:0'), tensor(0.8833, device='cuda:0'), tensor(0.8333, device='cuda:0'), tensor(0.8500, device='cuda:0'), tensor(0.8833, device='cuda:0'), tensor(0.8500, device='cuda:0'), tensor(0.8667, device='cuda:0'), tensor(0.8833, device='cuda:0'), tensor(0.9167, device='cuda:0'), tensor(0.9000, device='cuda:0'), tensor(0.8667, device='cuda:0'), tensor(0.7500, device='cuda:0'), tensor(0.8000, device='cuda:0'), tensor(0.8667, device='cuda:0'), tensor(0.8167, device='cuda:0'), tensor(0.8833, device='cuda:0'), tensor(0.9167, device='cuda:0'), tensor(0.8333, device='cuda:0'), tensor(0.8833, device='cuda:0'), tensor(0.9000, device='cuda:0'), tensor(0.9000, device='cuda:0'), tensor(0.8833, device='cuda:0'), tensor(0.9333, device='cuda:0'), tensor(0.8833, device='cuda:0'), tensor(0.8167, device='cuda:0'), tensor(0.8833, device='cuda:0'), tensor(0.9000, device='cuda:0'), tensor(0.8667, device='cuda:0'), tensor(0.9000, device='cuda:0'), tensor(0.8333, device='cuda:0'), tensor(0.8667, device='cuda:0'), tensor(0.8000, device='cuda:0'), tensor(0.8667, device='cuda:0'), tensor(0.9667, device='cuda:0'), tensor(0.8500, device='cuda:0'), tensor(0.9000, device='cuda:0'), tensor(0.8000, device='cuda:0'), tensor(0.9167, device='cuda:0'), tensor(0.9000, device='cuda:0'), tensor(0.9333, device='cuda:0'), tensor(0.9000, device='cuda:0'), tensor(0.8500, device='cuda:0'), tensor(0.7667, device='cuda:0'), tensor(0.8667, device='cuda:0'), tensor(0.9333, device='cuda:0'), tensor(0.7833, device='cuda:0'), tensor(0.7500, device='cuda:0'), tensor(0.8333, device='cuda:0'), tensor(0.8167, device='cuda:0'), tensor(0.7667, device='cuda:0'), tensor(0.8000, device='cuda:0'), tensor(0.8833, device='cuda:0'), tensor(0.8667, device='cuda:0'), tensor(0.7167, device='cuda:0'), tensor(0.8833, device='cuda:0'), tensor(0.8500, device='cuda:0'), tensor(0.8500, device='cuda:0'), tensor(0.8333, device='cuda:0'), tensor(0.8500, device='cuda:0'), tensor(0.9667, device='cuda:0'), tensor(0.8500, device='cuda:0'), tensor(0.8167, device='cuda:0'), tensor(0.9333, device='cuda:0'), tensor(0.8333, device='cuda:0'), tensor(0.8667, device='cuda:0'), tensor(0.9833, device='cuda:0'), tensor(0.9000, device='cuda:0'), tensor(0.9000, device='cuda:0'), tensor(0.7000, device='cuda:0'), tensor(0.8500, device='cuda:0'), tensor(0.9167, device='cuda:0'), tensor(0.8833, device='cuda:0'), tensor(0.9167, device='cuda:0'), tensor(0.9000, device='cuda:0'), tensor(0.8167, device='cuda:0'), tensor(0.9167, device='cuda:0'), tensor(0.9000, device='cuda:0'), tensor(0.8500, device='cuda:0'), tensor(0.7667, device='cuda:0'), tensor(0.8167, device='cuda:0'), tensor(0.9000, device='cuda:0'), tensor(0.9500, device='cuda:0'), tensor(0.7167, device='cuda:0'), tensor(0.8667, device='cuda:0'), tensor(0.7833, device='cuda:0'), tensor(0.8500, device='cuda:0'), tensor(0.8500, device='cuda:0'), tensor(0.9333, device='cuda:0'), tensor(0.8333, device='cuda:0'), tensor(0.8833, device='cuda:0'), tensor(0.9667, device='cuda:0'), tensor(0.7833, device='cuda:0')]",tensor(0.0571),tensor([0.0112]),"{0: 0.801517805020432, 1: 0.8257743362831859, 2: 0.8995253164556962, 3: 0.9753086419753086}","{0: 0.9153333333333333, 1: 0.9953333333333333, 2: 0.758, 3: 0.79}",0.8755315249336557,0.8646666666666667
"SimpleShot(1,15)_Si(001)_40pix",MulticlassAccuracy(),tensor(0.8363),"[tensor(0.8000, device='cuda:0'), tensor(0.8000, device='cuda:0'), tensor(0.8500, device='cuda:0'), tensor(0.8833, device='cuda:0'), tensor(0.8333, device='cuda:0'), tensor(0.8333, device='cuda:0'), tensor(0.8667, device='cuda:0'), tensor(0.8667, device='cuda:0'), tensor(0.8833, device='cuda:0'), tensor(0.9333, device='cuda:0'), tensor(0.7667, device='cuda:0'), tensor(0.8000, device='cuda:0'), tensor(0.8500, device='cuda:0'), tensor(0.7667, device='cuda:0'), tensor(0.9000, device='cuda:0'), tensor(0.9500, device='cuda:0'), tensor(0.8333, device='cuda:0'), tensor(0.8833, device='cuda:0'), tensor(0.9500, device='cuda:0'), tensor(0.8667, device='cuda:0'), tensor(0.8500, device='cuda:0'), tensor(0.7000, device='cuda:0'), tensor(0.9333, device='cuda:0'), tensor(0.8833, device='cuda:0'), tensor(0.8833, device='cuda:0'), tensor(0.8667, device='cuda:0'), tensor(0.6667, device='cuda:0'), tensor(0.7167, device='cuda:0'), tensor(0.9333, device='cuda:0'), tensor(0.8500, device='cuda:0'), tensor(0.8167, device='cuda:0'), tensor(0.8167, device='cuda:0'), tensor(0.9167, device='cuda:0'), tensor(0.9167, device='cuda:0'), tensor(0.9000, device='cuda:0'), tensor(0.9000, device='cuda:0'), tensor(0.7500, device='cuda:0'), tensor(0.8333, device='cuda:0'), tensor(0.9167, device='cuda:0'), tensor(0.7000, device='cuda:0'), tensor(0.9500, device='cuda:0'), tensor(0.7500, device='cuda:0'), tensor(0.8333, device='cuda:0'), tensor(0.8167, device='cuda:0'), tensor(0.9000, device='cuda:0'), tensor(0.8500, device='cuda:0'), tensor(0.9667, device='cuda:0'), tensor(0.8667, device='cuda:0'), tensor(0.7167, device='cuda:0'), tensor(0.8500, device='cuda:0'), tensor(0.9333, device='cuda:0'), tensor(0.6500, device='cuda:0'), tensor(0.8833, device='cuda:0'), tensor(0.6667, device='cuda:0'), tensor(0.7333, device='cuda:0'), tensor(0.8833, device='cuda:0'), tensor(0.8833, device='cuda:0'), tensor(0.8167, device='cuda:0'), tensor(0.8667, device='cuda:0'), tensor(0.6667, device='cuda:0'), tensor(0.9000, device='cuda:0'), tensor(0.8000, device='cuda:0'), tensor(0.6667, device='cuda:0'), tensor(0.8000, device='cuda:0'), tensor(0.9167, device='cuda:0'), tensor(0.8833, device='cuda:0'), tensor(0.9000, device='cuda:0'), tensor(0.9000, device='cuda:0'), tensor(0.8167, device='cuda:0'), tensor(0.6667, device='cuda:0'), tensor(0.8333, device='cuda:0'), tensor(0.8833, device='cuda:0'), tensor(0.7333, device='cuda:0'), tensor(0.7667, device='cuda:0'), tensor(0.6333, device='cuda:0'), tensor(0.7667, device='cuda:0'), tensor(0.8833, device='cuda:0'), tensor(0.8333, device='cuda:0'), tensor(0.9167, device='cuda:0'), tensor(0.9167, device='cuda:0'), tensor(0.8667, device='cuda:0'), tensor(0.8500, device='cuda:0'), tensor(0.9167, device='cuda:0'), tensor(0.9667, device='cuda:0'), tensor(0.7167, device='cuda:0'), tensor(0.6667, device='cuda:0'), tensor(0.8500, device='cuda:0'), tensor(0.7500, device='cuda:0'), tensor(0.9500, device='cuda:0'), tensor(0.9833, device='cuda:0'), tensor(0.9167, device='cuda:0'), tensor(0.7667, device='cuda:0'), tensor(0.7167, device='cuda:0'), tensor(0.7500, device='cuda:0'), tensor(0.9000, device='cuda:0'), tensor(0.7833, device='cuda:0'), tensor(0.8333, device='cuda:0'), tensor(0.9000, device='cuda:0'), tensor(0.8667, device='cuda:0'), tensor(0.9167, device='cuda:0')]",tensor(0.0842),tensor([0.0165]),"{0: 0.7991347342398022, 1: 0.7993273542600897, 2: 0.8480176211453745, 3: 0.9255663430420712}","{0: 0.862, 1: 0.9506666666666667, 2: 0.77, 3: 0.7626666666666667}",0.8430115131718343,0.8363333333333333
